0.018,-0.3142872,0.22421831,-0.62889755,0.016,0.15954652,-0.044528015,0.100387774
0.022,-0.3334875,0.31887174,-0.6214773,0.019,0.16274232,-0.06796381,0.09825724
0.023,-0.31756496,0.38726354,-0.60559845,0.02,0.16700336,-0.092464864,0.089735135
0.039,-0.32111073,0.39031506,-0.5507787,0.038,0.1659381,-0.14466278,0.06310354
0.04,-0.30160618,0.3408805,-0.502049,0.037,0.16700336,-0.11909646,0.07695197
0.042,-0.27123928,0.27246046,-0.41322836,0.041,0.16380757,-0.16383752,0.04712459
0.05,-0.1833849,0.23265731,-0.27958038,0.051,0.16167705,-0.17235963,0.029015115
0.06,-0.07668495,0.16181624,-0.1779136,0.059,0.15848126,-0.1702291,0.014101425
0.074,0.036951065,0.065319836,-0.12867618,0.073,0.15528546,-0.15638068,0.005579318
0.082,0.1130209,-0.02518487,2.1111965E-4,0.083,0.15208969,-0.13614067,0.0034487906
0.091,0.19935513,-0.1304087,0.09167531,0.092,0.15635073,-0.10950909,0.0066445814
0.102,0.28180027,-0.20507538,0.15287778,0.102,0.16380757,-0.08181223,0.010905635
0.111,0.33702946,-0.22394592,0.21956587,0.112,0.17126442,-0.051984858,0.01836248
0.122,0.35625458,-0.1995666,0.23510489,0.121,0.1808518,-0.026418535,0.023688799
0.131,0.30724907,-0.11416727,0.29015738,0.132,0.19256969,-0.009374319,0.029015115
0.142,0.21473789,-0.06755954,0.3495608,0.143,0.20322232,2.1305308E-4,0.031145642
0.153,0.1734438,-0.07810694,0.38813818,0.152,0.21494022,0.004474107,0.025819322
0.161,0.09764576,-0.10318279,0.46324858,0.16,0.23411496,0.014061477,0.014101425
0.176,0.018450737,-0.15025246,0.55722314,0.174,0.25968128,0.03217096,-0.004008054
0.185,-0.0523901,-0.2525645,0.5418123,0.184,0.28950867,0.056672018,-0.022117535
0.19,-0.13151455,-0.34334177,0.5076798,0.191,0.32040134,0.079042554,-0.040227015
0.202,-0.20705318,-0.42756033,0.4694462,0.203,0.3523592,0.08969519,-0.055140704
0.213,-0.2885418,-0.53805155,0.39296505,0.212,0.3768603,0.08223835,-0.06259755
0.224,-0.3098774,-0.6476105,0.2946708,0.223,0.39496976,0.06838992,-0.07111965
0.233,-0.3027258,-0.6738702,0.24393079,0.234,0.41201398,0.04814991,-0.0785765
0.242,-0.23932552,-0.6039753,0.16520226,0.241,0.42479715,0.028975168,-0.08283755
0.253,-0.1606245,-0.4768725,0.077744305,0.252,0.42692766,0.015126742,-0.07964176
0.262,-0.10211563,-0.32806456,0.04489678,0.261,0.41947082,0.012996215,-0.07005439
0.272,0.01913929,-0.18264252,-0.008004904,0.273,0.40988344,0.021518322,-0.055140704
0.287,0.16679859,-0.015124202,-0.039839834,0.286,0.40029606,0.030040434,-0.039161753
0.293,0.25566673,0.14410907,-0.029451668,0.294,0.3907087,0.03217096,-0.023182796
0.303,0.37855244,0.23135215,0.058028758,0.305,0.38538238,0.02045306,-0.011464898
0.313,0.46175575,0.23371786,0.17627162,0.314,0.38538238,0.004474107,-0.0050733173
0.325,0.5270586,0.18952239,0.27056462,0.323,0.38644764,2.1305308E-4,0.007709845
0.334,0.51128006,0.07895553,0.37784147,0.335,0.39177397,0.010865688,0.01836248
0.345,0.40641403,-0.06177938,0.54585505,0.344,0.39710027,0.018322533,0.032210905
0.355,0.3058262,-0.21068466,0.6537542,0.354,0.39710027,0.034301486,0.04925512
0.365,0.12473202,-0.33196062,0.73001266,0.364,0.39923084,0.053476226,0.06629934
0.374,0.010546684,-0.3742702,0.67823046,0.374,0.3907087,0.06306361,0.087604605
0.385,-0.13678455,-0.39734077,0.68294805,0.386,0.37792552,0.05880255,0.1142362
0.394,-0.217803,-0.31614602,0.6645168,0.392,0.35662025,0.050280437,0.14086778
0.405,-0.24541378,-0.13942909,0.6497345,0.404,0.33105394,0.03856254,0.16536885
0.415,-0.2676592,0.05802864,0.60592234,0.414,0.29909602,0.0066046338,0.18560886
0.425,-0.2895279,0.19308233,0.51205,0.424,0.26394233,-0.046658542,0.2047836
0.435,-0.33239555,0.26436323,0.4794134,0.436,0.23091918,-0.114835404,0.22928466
0.446,-0.26405048,0.3558967,0.40712798,0.445,0.19470021,-0.18514279,0.24419835
0.456,-0.16180801,0.44306922,0.3692379,0.455,0.16380757,-0.23521018,0.25272045
0.465,-0.054416656,0.44252652,0.37705255,0.464,0.13824125,-0.26290703,0.2601773
0.475,0.00875473,0.4664718,0.42300302,0.474,0.11587071,-0.2639723,0.25591624
0.485,0.016721725,0.43310267,0.5343252,0.486,0.0988265,-0.24373229,0.24419835
0.497,-0.017753601,0.34760273,0.6280128,0.498,0.08923913,-0.21283965,0.23354572
0.506,-0.10332966,0.2390098,0.72194594,0.505,0.0871086,-0.18940385,0.23034993
0.516,-0.18024445,0.11304283,0.80494523,0.517,0.09030439,-0.16383752,0.22608888
0.526,-0.2745552,-0.03477919,0.89583373,0.525,0.0988265,-0.1382712,0.2165015
0.536,-0.4001751,-0.17642426,1.0344235,0.536,0.10947913,-0.11909646,0.20052254
0.549,-0.51902294,-0.2678895,1.121569,0.547,0.12226229,-0.10844383,0.18241306
0.555,-0.58889866,-0.3172853,1.1659975,0.555,0.12971914,-0.11163961,0.16217306
0.566,-0.6201725,-0.3278494,1.1580384,0.565,0.1339802,-0.12122698,0.14086778
0.577,-0.58298874,-0.3504629,1.2070338,0.576,0.1339802,-0.12974909,0.12382356
0.587,-0.58432865,-0.29594517,1.207072,0.588,0.13184968,-0.14040174,0.10890988
0.595,-0.55999947,-0.28617954,1.2151942,0.595,0.1339802,-0.14253226,0.10358357
0.606,-0.54322624,-0.30537176,1.232773,0.608,0.14037178,-0.12974909,0.101453036
0.617,-0.53608894,-0.24680328,1.1827322,0.616,0.14463283,-0.11377014,0.1025183
0.628,-0.5336523,-0.1608969,1.1083502,0.627,0.14037178,-0.09779118,0.10358357
0.636,-0.5263748,-0.07584834,1.111831,0.637,0.13184968,-0.07755118,0.088669874
0.647,-0.55464554,0.067172885,1.0918237,0.648,0.11800123,-0.06157223,0.07269092
0.656,-0.516593,0.17809641,1.0048453,0.657,0.09456544,-0.051984858,0.05245091
0.669,-0.39929962,0.34429848,0.8669064,0.668,0.05728122,-0.047723804,0.021558272
0.678,-0.28436565,0.4862094,0.7855465,0.677,0.017866466,-0.04985433,-0.015725954
0.689,-0.1992693,0.6152776,0.81122106,0.688,-0.013026176,-0.05305012,-0.055140704
0.698,-0.2270937,0.6993282,0.9062833,0.697,-0.0385925,-0.04878907,-0.09135966
0.709,-0.3239689,0.6939442,0.9055566,0.708,-0.06735461,-0.025353272,-0.10946914
0.719,-0.3274603,0.54949,0.88880277,0.718,-0.0939862,0.0066046338,-0.11159967
0.728,-0.22862053,0.41828102,0.86480194,0.729,-0.11635674,0.02684464,-0.105208084
0.739,-0.25188446,0.1902405,0.76691717,0.738,-0.13340095,0.03749728,-0.088163875
0.748,-0.2838564,-0.06990206,0.66514784,0.75,-0.1461841,0.025779378,-0.06898913
0.757,-0.22562408,-0.28842187,0.48626202,0.756,-0.16855463,-0.020026954,-0.045553334
0.77,-0.3168497,-0.4325546,0.34327644,0.769,-0.1930557,-0.08607329,-0.006138581
0.778,-0.44193935,-0.4902383,0.2940868,0.778,-0.21968728,-0.14572804,0.044994064
0.788,-0.43049908,-0.5112679,0.27060574,0.788,-0.25271046,-0.19899122,0.08653934
0.798,-0.2542162,-0.4759431,0.35903907,0.798,-0.27934206,-0.24799335,0.10890988
0.81,-0.08562279,-0.41065192,0.429855,0.81,-0.30490837,-0.29699546,0.12488883
0.819,-0.10130215,-0.2529211,0.4880796,0.818,-0.34858418,-0.3545197,0.14299831
0.831,0.03866768,-0.2018621,0.61975425,0.828,-0.39865157,-0.41630498,0.15152043
0.837,0.25149727,-0.19534564,0.7488193,0.836,-0.4412621,-0.44932818,0.14725937
0.848,0.37120247,-0.1217674,0.90760636,0.849,-0.47322002,-0.45358923,0.14725937
0.857,0.65389824,-0.18034911,1.1686211,0.856,-0.48706844,-0.44613236,0.13234568
0.868,1.0637875,-0.27945888,1.4272826,0.868,-0.48919895,-0.43761027,0.09825724
0.879,1.5089216,-0.39429784,1.681397,0.879,-0.48067686,-0.4067176,0.044994064
0.889,2.2558508,-0.6335689,1.560251,0.888,-0.44552314,-0.3204313,-0.026378585
0.899,3.1463346,-0.8972609,1.0107008,0.899,-0.41036946,-0.27249444,-0.09135966
0.911,3.7773752,-1.396445,0.5260293,0.91,-0.39545575,-0.36304182,-0.1105344
0.92,4.5292463,-2.209827,0.3518439,0.919,-0.3208873,-0.5569198,-0.075380705
0.93,5.3468037,-2.7860467,0.8245592,0.929,-0.17814201,-0.73907983,0.007709845
0.939,5.484248,-2.7492218,1.1408769,0.939,-0.06415883,-0.7049914,0.09186566
0.95,4.9263067,-2.065475,1.5975068,0.95,8.2225073E-4,-0.43015343,0.12488883
0.959,4.205633,-0.91309094,1.8944483,0.958,0.04769384,-0.06476802,0.07588671
0.971,3.692812,0.22773194,1.4672817,0.97,0.061542273,0.23457102,-0.037031226
0.98,3.24722,0.94744325,0.6212723,0.98,0.027453836,0.4454932,-0.1659281
0.989,2.7157707,1.356668,-0.37225014,0.989,-0.032200918,0.630849,-0.29695553
1.001,1.9041157,1.5605897,-1.3558946,1.0,-0.11848726,0.75015855,-0.4141345
1.01,1.0620975,1.4536763,-2.268548,1.011,-0.22927465,0.7288533,-0.50468194
1.02,0.3680563,1.2938975,-2.9856591,1.021,-0.3368663,0.59463006,-0.5590103
1.032,-0.3599758,1.2660944,-3.5926197,1.031,-0.43167472,0.4241879,-0.5717935
1.04,-0.99553585,1.3068064,-4.0726748,1.039,-0.5158306,0.27398577,-0.5568798
1.052,-1.686449,1.4491806,-4.3243403,1.051,-0.5829422,0.16852468,-0.51107347
1.06,-2.2748404,1.4669237,-4.268414,1.061,-0.6362054,0.09395625,-0.44502717
1.072,-2.8158112,1.4178565,-3.9292872,1.071,-0.6745548,0.08436888,-0.37898082
1.082,-3.173894,1.3306932,-3.4178972,1.081,-0.6958601,0.08543414,-0.31826082
1.092,-2.9245625,1.2813287,-2.9316914,1.091,-0.7054475,0.046019383,-0.27351972
1.102,-2.6005392,1.3127856,-2.4403472,1.103,-0.6969254,0.012996215,-0.23197444
1.113,-2.3307972,1.2243594,-1.8090367,1.112,-0.65964115,0.03217096,-0.20427758
1.126,-2.005436,1.1343404,-1.1583095,1.127,-0.5808116,0.08862993,-0.20321232
1.132,-1.4083767,1.0185422,-0.4470903,1.131,-0.45724103,0.13124046,-0.23836602
1.143,-1.0010252,0.92814624,-0.13638404,1.142,-0.3368663,0.17598154,-0.2628671
1.152,-0.46067905,0.76887226,-0.20463392,1.153,-0.24312308,0.22072262,-0.28417236
1.162,0.019137383,0.38924855,-0.46583262,1.161,-0.17388096,0.2612026,-0.30760816
1.174,0.34365273,-0.09046841,-0.7705128,1.173,-0.12381358,0.26226786,-0.32465237
1.183,0.4352436,-0.6166159,-0.99054086,1.183,-0.07481146,0.20687418,-0.33104396
1.193,0.29996204,-1.0641443,-1.2541248,1.192,-0.044984084,0.13230573,-0.3097387
1.203,0.15829849,-1.2784085,-1.4875089,1.202,-0.03539671,0.0747815,-0.27565023
1.213,0.09611988,-1.1642852,-1.559116,1.214,-0.032200918,0.090760455,-0.23943128
1.223,-0.25331688,-0.93785733,-1.5224602,1.224,-0.044984084,0.18130785,-0.19042917
1.233,-0.31646252,-0.67936355,-1.3307526,1.234,-0.034331445,0.2580068,-0.16060178
1.242,-0.37143803,-0.3195914,-1.1146717,1.243,-0.017287228,0.3197921,-0.14036177
1.255,-0.5874357,-0.01723361,-1.0609508,1.254,-0.013026176,0.36559844,-0.15314494
1.263,-0.980422,0.34628034,-0.8955045,1.262,-0.017287228,0.39755633,-0.16912389
1.274,-1.2970934,0.6355272,-0.6463837,1.274,8.2225073E-4,0.45508054,-0.17871127
1.283,-1.5089626,0.9449224,-0.47336474,1.284,0.022127524,0.46466792,-0.20214705
1.295,-1.8408909,1.0214623,-0.41910294,1.294,0.033845413,0.39436054,-0.2096039
1.304,-1.8877583,0.95994973,-0.24597445,1.305,0.056215957,0.28676894,-0.22771339
1.314,-1.9328327,0.94799715,-0.023147702,1.315,0.09243491,0.19089521,-0.2415618
1.326,-2.023635,0.84163904,0.13625914,1.324,0.14037178,0.12910993,-0.24049655
1.34,-2.0500555,0.6523362,0.2435047,1.339,0.19043916,0.07584676,-0.22984391
1.344,-2.0385828,0.42907262,0.2408846,1.344,0.2213318,0.028975168,-0.21066916
1.356,-1.9893713,0.1277867,0.10469073,1.355,0.22878866,0.0023435801,-0.18723337
1.363,-1.8572226,-0.08852917,0.040992618,1.363,0.22026655,-0.01896169,-0.15953653
1.376,-1.6115952,-0.2626913,0.06319147,1.375,0.20641811,-0.032810118,-0.14036177
1.384,-1.3078842,-0.4410066,0.15340137,1.386,0.19576548,-0.029614326,-0.12864389
1.393,-1.1035042,-0.6313578,0.28334653,1.393,0.1861781,0.012996215,-0.11159967
1.405,-1.0928307,-0.83797574,0.5061107,1.405,0.18298233,0.0982173,-0.075380705
1.416,-1.0766516,-0.89221036,0.62165517,1.415,0.2010918,0.18769944,-0.02744385
1.424,-1.0358324,-0.91069233,0.72299844,1.426,0.2245276,0.24841948,0.014101425
1.436,-0.9183178,-0.75615156,0.6248316,1.436,0.22239707,0.3347058,0.06416881
1.448,-0.7432585,-0.8334937,0.8642388,1.447,0.2831171,0.43271005,0.09399619
1.455,-0.70614624,-0.73901874,0.8779216,1.456,0.3704687,0.46679845,0.109975144
1.466,-0.9426327,-0.63505024,0.6165421,1.464,0.45036346,0.45721108,0.15791202
1.477,-1.1775322,-0.5947371,0.60976815,1.476,0.55262876,0.3805121,0.21437098
1.487,-1.2590895,-0.56242454,0.65296817,1.486,0.66554666,0.22711419,0.2505899
1.495,-1.0628986,-0.47835508,0.58659554,1.496,0.7550288,0.028975168,0.2601773
1.506,-0.5506153,-0.4067943,0.57491624,1.507,0.81148773,-0.19046912,0.23780677
1.516,0.25660038,-0.22407076,0.5675603,1.517,0.8200098,-0.38647762,0.1930657
1.527,1.1096468,0.096399814,0.58394766,1.526,0.7816604,-0.5121787,0.1344762
1.537,1.8971891,0.46742734,0.64839673,1.536,0.69643927,-0.5409408,0.068429865
1.551,2.4396114,0.9648123,0.92552674,1.552,0.57926035,-0.48661238,-8.1226346E-4
1.556,2.8296013,1.4662925,1.382499,1.555,0.46208134,-0.39393446,-0.056205966
1.566,3.046875,1.7990828,1.8002429,1.567,0.3491634,-0.28953862,-0.08603334
1.577,3.1139317,1.9234976,2.223007,1.576,0.26713815,-0.17129438,-0.097751245
1.587,2.9339733,1.7466745,2.718329,1.588,0.23624548,-0.073290125,-0.0902944
1.596,2.2816896,1.4121115,3.1064398,1.597,0.21920128,0.0034088437,-0.054075442
1.608,1.6956005,1.0305274,3.1229541,1.609,0.22772337,0.12484889,0.019427745
1.618,1.5000772,0.5864931,2.052548,1.617,0.25115916,0.25161523,0.11849725
1.627,1.1999903,-0.09610379,0.8295516,1.628,0.24689811,0.16639416,0.19200043
1.639,1.8972397,-0.029171139,-0.4194755,1.636,0.17339495,-0.11057435,0.18880466
1.649,3.646574,0.5765805,-1.5012524,1.648,0.02638857,-0.4738292,0.109975144
1.658,5.1022224,1.1993444,-1.9452536,1.656,-0.100377776,-0.7646462,-0.03596596
1.667,5.851861,1.4363402,-1.7401934,1.668,-0.17068516,-0.8914125,-0.20853864
1.679,5.4912596,1.2082725,-1.799035,1.678,-0.25377572,-0.72629666,-0.2831071
1.687,4.3401375,0.632458,-2.0290282,1.688,-0.36882415,-0.27036387,-0.23517022
1.698,3.310523,0.16015153,-2.1386828,1.699,-0.46256736,0.27398577,-0.1488839
1.719,0.4708147,0.13936399,-2.6568556,1.712,-0.50091684,0.7309838,-0.08390281
1.714,2.0682974,0.07068969,-2.4560237,1.718,-0.4561758,0.9706681,-0.0668586
1.728,-1.2810926,0.24759237,-2.501935,1.729,-0.33047467,0.978125,-0.07325018
1.743,-2.7759018,0.24669984,-2.4059784,1.74,-0.1493799,0.8289881,-0.07964176
1.749,-3.7875338,-0.004218966,-2.5558708,1.748,0.0519549,0.5956953,-0.09668598
1.76,-4.4220734,-0.40540433,-2.8443222,1.759,0.25755078,0.30274788,-0.09668598
1.768,-4.4654436,-1.0875435,-3.3371153,1.768,0.42479715,-0.037071172,-0.07218492
1.78,-4.049453,-1.6853906,-3.9508977,1.779,0.5014961,-0.39393446,-0.0466186
1.788,-3.4386635,-1.947129,-4.1094375,1.788,0.5068224,-0.7231009,-0.031704906
1.801,-2.6335258,-2.0179353,-3.7565093,1.8,0.46421188,-0.9681115,-0.022117535
1.81,-1.6780252,-1.8430048,-3.1962996,1.809,0.3789908,-1.1193789,-0.006138581
1.819,-0.6051836,-1.480186,-2.4875898,1.82,0.2831171,-1.148141,0.022623533
1.83,0.39968777,-1.0674777,-1.5143276,1.829,0.23198444,-1.0149832,0.06310354
1.838,1.3424559,-0.6353785,-0.5656466,1.838,0.25115916,-0.7422756,0.100387774
1.849,2.2401228,-0.20138347,-0.04417768,1.85,0.32146657,-0.396065,0.111040406
1.86,2.6274166,0.16968751,-0.022142857,1.859,0.41094872,-0.06689855,0.09612672
1.87,2.293849,0.43963408,-0.205075,1.871,0.49616975,0.16213311,0.101453036
1.881,1.2566013,0.57509947,-0.50809765,1.88,0.5568898,0.2814426,0.1611078
1.891,0.4487648,0.4198337,-0.82657135,1.89,0.5888477,0.27611628,0.21756676
1.9,-0.23359108,0.20153032,-0.8572674,1.901,0.6197403,0.21326576,0.27509096
1.91,-1.0917425,-0.17489824,-1.1942444,1.911,0.6016308,0.1301752,0.3262236
1.921,-1.2950649,-0.568464,-1.1972315,1.92,0.5622161,-0.008309055,0.3240931
1.931,-1.7364693,-0.56214565,-1.1745291,1.931,0.47699505,-0.10844383,0.33474576
1.942,-2.4743528,-0.65225035,-1.0368352,1.94,0.38431713,-0.14572804,0.40079206
1.951,-2.5647745,-0.77565014,-0.81947213,1.952,0.3012266,-0.19153439,0.4444679
1.96,-2.7356653,-0.65531725,-0.610157,1.959,0.21600549,-0.22136176,0.48388264
1.977,-2.562004,-0.4740792,-0.59166324,1.978,0.12758861,-0.20112175,0.5147753
1.981,-2.4054222,-0.17855042,-0.26577374,1.982,0.05728122,-0.12868384,0.51690584
1.99,-2.0747566,0.10689044,-0.097278476,1.991,-0.017287228,-0.07968171,0.49560052
2.001,-1.8239937,0.41779655,-0.110339224,2.002,-0.09824725,-0.023222743,0.47749105
2.011,-1.6835947,0.72354984,-0.0255346,2.012,-0.18240307,0.031105695,0.45192474
2.022,-1.4245958,0.9873632,-0.01980269,2.021,-0.2665589,0.056672018,0.40718365
2.032,-1.140605,1.1814706,0.06530878,2.033,-0.3368663,0.041758332,0.35711625
2.039,-1.0418539,1.3557396,0.1355699,2.04,-0.40078208,0.03217096,0.31344044
2.052,-0.97964954,1.4154158,0.20241389,2.053,-0.4593716,0.04495412,0.2601773
2.061,-0.85847855,1.3075593,0.3805175,2.06,-0.49239475,0.070520446,0.18667413
2.075,-0.760005,1.1227816,0.47002727,2.076,-0.5179611,0.10780467,0.1025183
2.084,-0.6935568,0.869664,0.5294752,2.083,-0.5147653,0.16106784,0.0034487906
2.093,-0.6592188,0.62223256,0.54290104,2.092,-0.50091684,0.22924471,-0.09881651
2.103,-0.44211388,0.27236193,0.44115722,2.102,-0.49452528,0.27718157,-0.2010818
2.113,-0.5845232,-0.004475236,0.36693743,2.112,-0.49239475,0.2931605,-0.26712814
2.123,-0.5908356,-0.4821928,0.23884171,2.124,-0.48067686,0.28250787,-0.3129345
2.132,-0.75492764,-0.90516704,0.28146294,2.134,-0.44552314,0.22604892,-0.32465237
2.143,-0.74677944,-1.248899,0.40059942,2.143,-0.40397787,0.11632678,-0.31399974
2.154,-0.70075035,-1.3541353,0.47705236,2.153,-0.36349788,-0.013635373,-0.2852376
2.164,-0.6503658,-1.3226764,0.7253629,2.162,-0.2867989,-0.12868384,-0.2447576
2.173,-0.48812866,-1.2185645,0.96179485,2.174,-0.19199044,-0.2139049,-0.18403758
2.187,-0.31677628,-1.0807223,1.049747,2.186,-0.10676937,-0.2756902,-0.1020123
2.192,0.035740852,-1.0622284,1.1546502,2.191,-0.029005129,-0.30019128,-0.01785648
2.204,0.3111925,-1.0788299,1.4446712,2.203,0.055150695,-0.2735597,0.06097302
2.213,0.6221695,-1.0569215,1.782798,2.214,0.14143705,-0.22242701,0.13554148
2.225,0.95187855,-0.99704874,2.1115203,2.224,0.21600549,-0.17875122,0.20904465
2.234,1.1952343,-0.8373502,2.2861338,2.235,0.2564855,-0.1585112,0.27828676
2.243,1.7319231,-0.5117036,2.5460143,2.244,0.2628771,-0.16703331,0.29426572
2.255,2.2237263,-0.18245298,2.847863,2.256,0.22559285,-0.14466278,0.26230782
2.264,2.6038818,0.22993541,3.4242568,2.263,0.21067917,-0.05305012,0.1962615
2.275,2.903576,0.31454992,3.3023324,2.276,0.2245276,0.18769944,0.12701936
2.286,3.3885374,0.30667406,2.1823175,2.285,0.24902865,0.4359058,0.057777226
2.294,3.4901037,0.26974565,0.3126422,2.295,0.20748337,0.46786374,0.057777226
2.304,4.2885447,-0.5951052,-1.2783786,2.305,0.19256969,0.34109735,0.15152043
2.316,5.5547543,-1.2804372,-1.8461485,2.317,0.20961392,0.008735161,0.2804173
2.326,6.0381727,-1.1534445,-2.570182,2.325,0.13611072,-0.3204313,0.3613773
2.336,5.3451843,-0.8657433,-2.6711373,2.335,0.014670677,-0.30551758,0.3730952
2.345,4.5980062,-0.5630343,-1.9843224,2.346,-0.043918822,0.049215175,0.32835415
2.356,3.8236437,-0.01739943,-1.8907292,2.355,-0.06096304,0.5530848,0.25272045
2.365,2.4973078,0.6333788,-2.4990253,2.364,-0.08652936,1.0004954,0.20265307
2.375,0.9625673,1.182797,-3.1179013,2.375,-0.14511885,1.2359186,0.16323832
2.384,-0.51423454,1.5273218,-3.533354,2.385,-0.2250136,1.2593545,0.10677935
2.393,-1.7103529,1.7105467,-3.8769612,2.394,-0.31982207,1.075064,0.021558272
2.405,-2.3663425,1.8068433,-4.2353654,2.405,-0.43593577,0.7490933,-0.07964176
2.417,-2.7821083,1.9202588,-4.41088,2.418,-0.5563106,0.39755633,-0.17018916
2.426,-3.1048222,2.075678,-4.072192,2.425,-0.63940114,0.080107816,-0.22238706
2.436,-3.0479736,1.9794056,-3.3659697,2.437,-0.65111905,-0.21603543,-0.24262707
2.444,-2.4306612,1.5744406,-2.520853,2.446,-0.6074432,-0.4663724,-0.2564755
2.456,-1.6003475,1.0614753,-1.6881137,2.457,-0.5413969,-0.6229661,-0.28204185
2.467,-0.59023285,0.48487592,-0.8652981,2.465,-0.4678937,-0.68155557,-0.32465237
2.476,0.39691353,-0.10676813,-0.15499261,2.477,-0.40184736,-0.6282924,-0.35447973
2.487,1.0780334,-0.6594641,0.27705097,2.488,-0.34006205,-0.40565234,-0.34595764
2.497,1.7012329,-1.3149879,0.47714543,2.496,-0.26975468,-0.1031175,-0.32252187
2.508,2.0903091,-1.773082,0.26392406,2.507,-0.19518623,0.18769944,-0.3097387
2.518,1.8781872,-1.9542227,-0.16914684,2.517,-0.12807463,0.40394792,-0.30760816
2.528,1.2288942,-1.9510777,-0.5751476,2.527,-0.07907251,0.5115395,-0.30654287
2.537,0.35117817,-1.6664023,-0.89781934,2.538,-0.02367881,0.5243227,-0.29375973
2.548,-0.4036417,-1.3292491,-1.2068453,2.547,0.039171737,0.46786374,-0.25008392
2.556,-0.8237572,-0.89859605,-1.581319,2.557,0.01573594,0.37412053,-0.20001653
2.568,-0.9727144,-0.5311517,-1.4580371,2.567,0.013605413,0.33896685,-0.18084179
2.579,-1.4076118,-0.29911834,-1.1168048,2.578,0.043432787,0.27931207,-0.19255969
2.587,-1.7985086,-0.019131958,-1.0026169,2.588,0.06899911,0.2090047,-0.21173443
2.598,-2.0836697,0.27690977,-0.76981217,2.598,0.0988265,0.15467627,-0.22345233
2.609,-2.325365,0.7138027,-0.63765585,2.608,0.116935976,0.09928256,-0.22984391
2.618,-2.65981,0.9646657,-0.42175686,2.619,0.13504547,0.080107816,-0.2415618
2.629,-2.6161184,1.0557892,-0.24298954,2.628,0.15208969,0.06519413,-0.27565023
2.637,-2.8235588,1.2171285,-0.04670006,2.636,0.16913389,0.07265098,-0.29056394
2.649,-3.0087252,1.1654536,0.0626362,2.648,0.17446022,0.08117308,-0.28736815
2.658,-2.8875751,0.9980383,0.21811342,2.657,0.18191706,0.0513457,-0.29162923
2.667,-2.6166172,0.7447585,0.335456,2.668,0.197896,-0.013635373,-0.31399974
2.678,-2.4116163,0.40659302,0.42537272,2.679,0.22878866,-0.08394276,-0.32465237
2.688,-2.3487444,-0.020263165,0.49318874,2.689,0.25115916,-0.12122698,-0.3097387
2.699,-2.2695236,-0.5279815,0.6193435,2.7,0.27246445,-0.12548804,-0.26925868
2.714,-2.2191267,-0.9244745,0.78196913,2.713,0.30548763,-0.11377014,-0.22025654
2.719,-2.0179844,-1.2274449,0.8490663,2.72,0.33957604,-0.07435539,-0.1627323
2.73,-1.902874,-1.445256,0.90244627,2.729,0.38538238,-0.020026954,-0.09135966
2.74,-1.7563715,-1.5387318,0.91198254,2.739,0.42692766,0.022583585,-0.006138581
2.75,-1.3876162,-1.4329058,0.850313,2.749,0.4695382,0.06306361,0.06203828
2.759,-0.8642454,-1.3330812,1.0807884,2.758,0.5590203,0.06519413,0.10890988
2.769,-0.32568264,-1.2969948,1.1169924,2.768,0.6559593,0.024714116,0.14406358
2.78,0.21579742,-1.1889296,1.2707695,2.781,0.7710078,-0.05305012,0.15791202
2.79,0.5400486,-0.8325684,1.3260746,2.789,0.85409826,-0.13294488,0.19413097
2.8,0.9534788,-0.5789512,1.2410545,2.801,0.893513,-0.1467933,0.21863203
2.812,1.5638542,-0.34373224,1.1616528,2.81,0.9020352,-0.13294488,0.18880466
2.82,1.8714685,-0.03338796,0.94010866,2.821,0.8668815,-0.11163961,0.15258569
2.83,1.8581877,0.3253143,0.86053634,2.831,0.79763937,-0.08820381,0.1142362
2.839,1.7948503,0.8302046,1.087259,2.839,0.7134835,-0.08181223,0.069495134
2.851,1.636055,1.2797145,1.5924537,2.851,0.634654,-0.08394276,0.03008038
2.86,1.4321918,1.6195636,1.9773045,2.859,0.54730237,-0.06476802,0.0066445814
2.872,1.3173857,1.8206856,2.3691037,2.871,0.4610161,-0.01896169,-0.0135954255
2.881,1.2844381,1.73574,2.7628112,2.88,0.38325185,0.031105695,-0.019987008
2.892,1.385746,1.5746456,2.9239147,2.891,0.33211923,0.1184573,-0.0029427905
2.902,1.9938965,1.4352329,1.7722726,2.901,0.28418237,0.25374573,0.027949853
2.911,2.2839766,1.1157742,0.5608878,2.912,0.27885604,0.26226786,0.044994064
2.926,3.129859,1.3506155,-0.7574641,2.925,0.26607287,0.08223835,0.032210905
2.931,5.4378176,1.5286427,-1.9465401,2.932,0.19576548,-0.28527758,-0.07005439
2.942,7.7349405,1.4005911,-2.6368363,2.941,0.14889388,-0.64214087,-0.27565023
2.951,8.106041,0.7586787,-2.4988575,2.952,0.15954652,-0.71351355,-0.47911558
2.961,6.433461,-0.11894372,-2.2441077,2.96,0.12332756,-0.3992608,-0.5323788
2.972,4.6470604,-0.70523846,-2.859428,2.974,-0.024744075,0.15787205,-0.46526715
2.982,3.310069,-1.0240902,-3.4445589,2.983,-0.18559885,0.66813326,-0.3821766
2.991,1.8141966,-1.3396826,-3.5700262,2.99,-0.27188522,0.9600155,-0.3299787
3.003,0.087067604,-1.5216908,-3.3516774,3.002,-0.26123255,1.0356492,-0.30760816
3.013,-1.6260815,-1.4117925,-2.945803,3.012,-0.15470621,0.9504281,-0.29162923
3.022,-3.1596584,-1.246485,-2.3630333,3.023,0.055150695,0.72778803,-0.24262707
3.032,-4.2580166,-1.2580488,-2.1396408,3.033,0.29483497,0.40820897,-0.14781862
3.042,-4.797453,-1.4515634,-2.456001,3.041,0.44503713,0.04708465,-0.0135954255
3.054,-4.603715,-1.7691027,-2.938643,3.052,0.47699505,-0.27142915,0.09932251
3.062,-4.0248146,-1.8885025,-2.9345386,3.061,0.45675504,-0.5356145,0.15258569
3.073,-3.2589302,-1.7683507,-2.601596,3.074,0.4045571,-0.7646462,0.17602149
3.083,-2.4306526,-1.3629729,-2.2511907,3.083,0.31400973,-0.94041467,0.19413097
3.093,-1.3190498,-0.75036144,-1.6622283,3.094,0.22665812,-1.0235052,0.21756676
3.103,0.023343086,-0.015623063,-1.1135957,3.104,0.14356758,-0.9595894,0.24100256
3.114,1.1609116,0.6760938,-0.6858046,3.113,0.0753907,-0.74014515,0.25485098
3.123,1.9153461,1.155199,-0.48149976,3.124,0.014670677,-0.4131092,0.25272045
3.14,2.113449,1.4945965,-0.6230318,3.138,-0.04711461,-0.12122698,0.23993729
3.144,1.7991734,1.4977223,-0.9196075,3.144,-0.09718199,0.06519413,0.25272045
3.154,1.2026501,1.3375851,-1.1310408,3.154,-0.12594411,0.14082783,0.29426572
3.164,0.7159147,1.0508521,-1.3421484,3.163,-0.13659674,0.15148047,0.3251584
3.174,0.18304253,0.6988044,-1.4461641,3.173,-0.13659674,0.153611,0.33154994
3.184,-0.30039692,0.3292934,-1.3900207,3.185,-0.13553147,0.13550152,0.315571
3.192,-0.94972897,0.021309435,-1.3274095,3.192,-0.16429359,0.14402364,0.30278784
3.204,-1.8336172,-0.21044159,-0.91692173,3.204,-0.17175044,0.1653289,0.31770152
3.216,-2.2919216,-0.52601695,-0.74610007,3.215,-0.19092517,0.13976258,0.33154994
3.224,-2.3810492,-0.68633556,-0.59456134,3.226,-0.22075255,0.08436888,0.32302782
3.236,-2.7735796,-0.74656856,-0.4926601,3.235,-0.26229784,0.030040434,0.3326152
3.246,-3.0744324,-0.7552915,-0.25635195,3.245,-0.3070389,0.0012783166,0.35178995
3.255,-2.9276896,-0.71146595,0.0016308427,3.256,-0.35497576,-0.032810118,0.35498574
3.264,-2.7838278,-0.6960948,0.23162526,3.263,-0.3911947,-0.0711596,0.34859416
3.276,-2.4470186,-0.73379594,0.38870764,3.275,-0.42315263,-0.1031175,0.33368048
3.285,-2.0563745,-0.6702634,0.5057954,3.286,-0.46043685,-0.10098698,0.30491835
3.297,-1.7433157,-0.53770024,0.6634753,3.296,-0.49452528,-0.07435539,0.26976466
3.305,-1.4812975,-0.42795157,0.8471784,3.306,-0.49878633,-0.031744853,0.23674151
3.317,-1.284441,-0.3074401,0.93319744,3.316,-0.50091684,0.03323622,0.21010992
3.325,-0.9445782,-0.17795426,0.97451097,3.326,-0.4998516,0.09715204,0.1557815
3.335,-0.6678028,-0.097159386,1.0955352,3.336,-0.47854632,0.1418931,0.07375618
3.346,-0.6979828,-0.005626142,1.1496279,3.347,-0.44658843,0.18556891,0.015166691
3.355,-0.80236053,0.003338337,1.0939238,3.356,-0.39652103,0.21433103,-0.024248062
3.365,-0.9615412,0.036847472,0.93956864,3.366,-0.34858418,0.23350577,-0.056205966
3.377,-1.0750732,-0.054759145,0.7581407,3.376,-0.3123652,0.2580068,-0.075380705
3.387,-1.3076553,-0.08861464,0.63550985,3.386,-0.2686894,0.27398577,-0.07964176
3.396,-1.1667843,-0.07284552,0.2771315,3.397,-0.24099256,0.24522366,-0.0902944
3.407,-0.94529057,-0.051127136,0.027403235,3.408,-0.22820939,0.15254575,-0.11159967
3.417,-0.9211035,-0.13911146,-4.9173832E-5,3.418,-0.21223044,0.0012783166,-0.12331756
3.426,-0.85756683,-0.29262137,0.13777357,3.427,-0.18772937,-0.19473016,-0.11159967
3.437,-0.5328331,-0.46200794,0.25470835,3.436,-0.16642411,-0.39286917,-0.08390281
3.448,0.026610374,-0.6781099,0.5663037,3.447,-0.15151042,-0.55052817,-0.05087965
3.458,0.53384304,-0.9598734,0.9689005,3.457,-0.137662,-0.61763984,2.5300006E-4
3.467,1.0520229,-1.3865751,1.5514686,3.466,-0.11103042,-0.58142084,0.057777226
3.478,1.5913782,-1.7541791,2.2051528,3.477,-0.06522409,-0.45678502,0.12169304
3.487,2.0447493,-1.9666929,2.8206725,3.488,-0.016221967,-0.28847337,0.1845436
3.499,2.476922,-1.8717144,3.4725676,3.498,0.018931728,-0.1350754,0.20584887
3.507,2.674798,-1.5982013,3.8374815,3.508,0.035975944,0.04708465,0.20584887
3.519,3.1932144,-1.4903344,3.6935816,3.518,0.12226229,0.37412053,0.17708676
3.527,3.42737,-1.2665325,2.6186373,3.528,0.19896127,0.6148701,0.16536885
3.54,3.3780603,-1.2623861,0.93899786,3.539,0.23837602,0.56373745,0.2218278
3.548,4.1419325,-1.7834849,-0.49518558,3.548,0.3086834,0.31340054,0.3390068
3.557,4.8941793,-1.5133549,-1.4000119,3.556,0.3086834,-0.08820381,0.47642577
3.567,5.4332285,-0.6329942,-1.9882793,3.568,0.2447676,-0.40032604,0.52649313
3.58,5.675873,-0.06956649,-1.8459525,3.579,0.17978653,-0.3715639,0.4987963
3.588,5.7031794,0.6455865,-1.6416454,3.589,0.12758861,2.1305308E-4,0.41037944
3.6,5.4307613,1.5154035,-2.0022082,3.599,0.072194904,0.5605416,0.2718952
3.609,4.0043726,2.2860067,-2.6796417,3.61,-0.019417755,1.0004954,0.16536885
3.619,2.2682734,2.6384802,-3.288012,3.618,-0.12913989,1.1709375,0.08227829
3.629,0.8245764,2.566938,-3.5830245,3.629,-0.22181782,1.1293923,0.0013182636
3.637,-0.75662327,2.364254,-3.8958635,3.638,-0.32408312,0.9909081,-0.05727123
3.65,-2.263709,2.105052,-4.216351,3.649,-0.44552314,0.7831817,-0.08603334
3.659,-3.2354736,1.8975765,-4.3183994,3.658,-0.5605716,0.5200617,-0.105208084
3.669,-3.4022455,1.8813593,-4.227889,3.67,-0.6457927,0.22604892,-0.15314494
3.68,-3.1828136,2.0431232,-3.8662481,3.681,-0.687338,-0.06689855,-0.21386495
3.689,-2.9965143,1.895427,-3.328114,3.69,-0.69479483,-0.33534494,-0.2564755
3.7,-2.4794083,1.354248,-2.7458289,3.699,-0.67775065,-0.557985,-0.30654287
3.71,-1.7969513,0.7550259,-2.0061603,3.709,-0.6340748,-0.7231009,-0.35980606
3.72,-0.95956993,0.0400939,-1.3159121,3.721,-0.57974637,-0.8072567,-0.4173303
3.73,-0.13919067,-0.66064274,-0.6938969,3.731,-0.5051779,-0.7859514,-0.4673977
3.741,0.6222954,-1.305919,-0.007194817,3.74,-0.39545575,-0.65066296,-0.49402928
3.75,1.211257,-1.8721662,0.27614844,3.751,-0.27295044,-0.4226966,-0.49189875
3.76,1.4184122,-2.1462955,0.23388141,3.759,-0.15044515,-0.17981648,-0.46313664
3.774,1.2999687,-2.147666,0.10807961,3.775,-0.029005129,-0.001917474,-0.41946083
3.781,0.81991386,-1.8324695,-0.154587,3.78,0.062607534,0.13656679,-0.37365448
3.79,0.36389446,-1.320515,-0.5266963,3.789,0.1190665,0.22711419,-0.34063134
3.802,-0.25259113,-0.8064189,-0.79866946,3.801,0.16380757,0.30274788,-0.3033471
3.811,-0.75661755,-0.29310805,-0.96896493,3.81,0.17978653,0.33151,-0.2660629
3.822,-1.2874117,-0.14551127,-1.0390079,3.821,0.16380757,0.30913946,-0.23836602
3.832,-1.6016045,0.22675675,-0.8914203,3.831,0.16167705,0.2558763,-0.2213218
3.84,-1.9270773,0.5376302,-0.9109045,3.839,0.14037178,0.21326576,-0.21706076
3.851,-2.3498764,0.8578379,-0.7180374,3.852,0.12652335,0.1770468,-0.20747338
3.861,-2.64987,1.0254066,-0.42869717,3.86,0.12758861,0.14721942,-0.2010818
3.872,-2.6744347,1.2026834,-0.34740937,3.871,0.12545809,0.11313099,-0.2213218
3.882,-2.637126,1.2508855,-0.03589785,3.883,0.13824125,0.07691203,-0.2628671
3.891,-2.6553173,1.2589107,0.15173948,3.892,0.15528546,0.02684464,-0.3033471
3.902,-2.619028,1.1170354,0.30558205,3.901,0.17446022,-0.038136434,-0.315065
3.911,-2.4112558,0.7687221,0.50364816,3.912,0.20215707,-0.10418277,-0.30654287
3.923,-1.9964943,0.34777838,0.686183,3.922,0.23731075,-0.17235963,-0.30867344
3.933,-1.3872528,-0.034264684,0.8270904,3.932,0.27566025,-0.22988386,-0.3267829
3.943,-1.0475368,-0.39110553,0.9612992,3.942,0.3033571,-0.23627543,-0.34063134
3.952,-0.87825966,-0.6816193,1.076652,3.952,0.32892343,-0.18088174,-0.3278482
3.961,-0.9501476,-0.89147425,1.1791319,3.96,0.3534245,-0.08074697,-0.27032396
3.973,-1.0519133,-1.0188086,1.2380477,3.972,0.37472975,0.055606756,-0.18190706
3.988,-0.91318893,-1.0966265,1.3431256,3.99,0.43438452,0.2580068,-0.061532285
3.991,-0.55141926,-1.0758812,1.3208123,3.989,0.40775293,0.18130785,-0.1020123
4.004,-0.6246929,-0.9153049,1.2885739,4.003,0.45995083,0.32085735,2.5300006E-4
4.014,-0.8260679,-1.0648068,1.2644548,4.012,0.47699505,0.34748894,0.07695197
4.024,-0.88064766,-1.182794,1.378782,4.023,0.5441066,0.31446576,0.13234568
4.034,-0.67225075,-0.9636663,1.1924076,4.033,0.6026961,0.21113524,0.16004254
4.042,-0.42689514,-0.802834,0.92094445,4.041,0.6421109,0.07584676,0.17708676
4.054,-0.36727333,-0.7080801,0.7133942,4.054,0.654894,-0.04026696,0.19732676
4.063,-0.20842457,-0.6427913,0.6347402,4.062,0.65382874,-0.161707,0.20691413
4.073,0.17840576,-0.5463568,0.6964437,4.074,0.64850247,-0.29486495,0.19519624
4.084,0.44357395,-0.2329542,0.84102935,4.083,0.6335888,-0.39286917,0.1813478
4.095,0.695344,0.26501387,1.1932006,4.096,0.6080224,-0.44187132,0.16217306
4.105,0.9866352,0.7608752,1.5945086,4.104,0.56967294,-0.4248271,0.13873726
4.114,1.1557264,1.1599816,2.0866838,4.115,0.53132343,-0.3715639,0.11210567
4.125,1.2459955,1.352845,2.6011882,4.124,0.49936557,-0.30019128,0.09293092
4.134,1.2935781,1.3167092,3.1409435,4.135,0.4663424,-0.23521018,0.08121303
4.145,1.2650557,1.1531918,3.6276677,4.144,0.42160133,-0.16809857,0.0908004
4.155,1.4426403,1.1491014,3.3635874,4.154,0.33318448,0.025779378,0.1344762
4.164,1.8459482,0.9229708,2.032354,4.163,0.22772337,0.24309315,0.18880466
4.174,2.11627,0.9400368,1.1134706,4.175,0.17019916,0.2473542,0.21224044
4.185,2.9166079,1.9418309,-0.5560342,4.184,0.06047701,0.060933072,0.19945729
4.194,4.9751587,2.6849914,-1.953988,4.193,-0.12913989,-0.33960605,0.0908004
4.205,7.1039114,2.6762989,-2.994969,4.206,-0.2921252,-0.751863,-0.11373019
4.216,7.6156807,2.1203303,-3.026326,4.215,-0.3507147,-0.92869675,-0.31080395
4.225,6.531246,1.3143973,-2.6572666,4.226,-0.37201998,-0.71031773,-0.38643765
4.236,5.429817,0.61736816,-3.022884,4.235,-0.43380526,-0.18194701,-0.3821766
4.248,4.255251,-0.058374256,-3.0076802,4.247,-0.46576315,0.3805121,-0.35447973
4.255,2.4627619,-0.47408882,-2.948666,4.255,-0.4412621,0.8162049,-0.30547765
4.265,0.71086025,-0.64459556,-2.9500916,4.264,-0.3656284,1.027127,-0.24901865
4.276,-0.9078646,-0.8951151,-2.7458706,4.277,-0.2100999,1.0463017,-0.1893639
4.285,-2.569024,-1.2496651,-2.334121,4.286,0.016801205,0.9291228,-0.11799125
4.297,-3.7957487,-1.7912321,-2.030849,4.296,0.2564855,0.72565746,-0.061532285
4.309,-4.513692,-2.3040795,-1.9408754,4.308,0.46527717,0.44442794,-0.012530162
4.316,-4.6130476,-2.7244077,-2.241618,4.318,0.59630454,0.09502151,0.016231952
4.327,-4.094017,-2.8888788,-2.6003156,4.325,0.6495677,-0.28953862,0.0034487906
4.336,-3.3839455,-2.782211,-2.6835186,4.337,0.64530665,-0.62083554,-0.0072038444
4.348,-2.611517,-2.509232,-2.5233932,4.347,0.58991295,-0.82643145,0.0066445814
4.356,-1.5291224,-2.0386755,-2.032566,4.355,0.51427925,-0.8967388,0.03434143
4.367,-0.3368225,-1.3719281,-1.5357989,4.366,0.44077608,-0.8221704,0.06416881
4.378,0.677001,-0.6384508,-1.0427196,4.376,0.3789908,-0.62616193,0.10464883
4.388,1.5228014,0.12177588,-0.8975733,4.387,0.31720552,-0.3609113,0.14938991
4.396,2.0814877,0.7775308,-0.967741,4.396,0.2713992,-0.10205224,0.1962615
4.407,2.1766558,1.2573972,-1.2712635,4.406,0.20748337,0.09715204,0.23461099
4.419,1.8019209,1.5681581,-1.4384012,4.418,0.1456981,0.24096261,0.26124254
4.428,1.0824718,1.8260969,-1.5499983,4.427,0.073260166,0.27398577,0.27828676
4.436,0.25762463,1.8464684,-1.640517,4.436,-0.0034388043,0.23030996,0.28574362
4.448,-0.4266491,1.8320906,-1.6808391,4.447,-0.090790406,0.14082783,0.26763415
4.456,-1.1741743,1.7303648,-1.491991,4.456,-0.16216306,0.046019383,0.24419835
4.47,-1.9131975,1.5361419,-1.2245984,4.469,-0.2367315,-0.044528015,0.2569815
4.479,-2.2325926,1.3776026,-1.0512698,4.478,-0.3102347,-0.13294488,0.26656887
4.489,-2.3771162,0.9195812,-0.74260366,4.488,-0.36988944,-0.22775334,0.2655036
4.498,-2.5049334,0.5703435,-0.73081416,4.499,-0.44658843,-0.31297445,0.2740257
4.508,-2.5609665,0.26606596,-0.63607347,4.509,-0.5232874,-0.39393446,0.295331
4.522,-2.4305143,-0.054475427,-0.3874941,4.523,-0.58187693,-0.43015343,0.315571
4.529,-2.168725,-0.36491024,-0.089871764,4.528,-0.6138348,-0.4045871,0.34326786
4.54,-1.8664112,-0.5812016,0.047137856,4.539,-0.6340748,-0.33427972,0.36883417
4.549,-1.4136467,-0.7922333,0.13418955,4.548,-0.6436622,-0.26077652,0.38055205
4.558,-0.99731827,-0.83930826,0.28334993,4.558,-0.64153165,-0.18727331,0.3741605
4.57,-0.6987543,-0.90859294,0.4251134,4.569,-0.6223569,-0.10205224,0.3592468
4.579,-0.52267265,-1.0148227,0.5597918,4.579,-0.590399,-0.020026954,0.34539837
4.59,-0.31322956,-0.9960179,0.6748737,4.589,-0.5786811,0.030040434,0.31130993
4.6,-0.434103,-1.1407719,0.6868775,4.599,-0.5733548,0.112065725,0.27615625
4.61,-0.609499,-0.97401273,0.93429154,4.61,-0.55524534,0.21646155,0.23354572
4.62,-0.89455223,-0.91141593,0.97043717,4.621,-0.549919,0.33151,0.19413097
4.63,-1.0498085,-0.8718646,1.0358715,4.631,-0.54565793,0.40607846,0.14193305
4.639,-1.1617785,-0.8445589,1.0461012,4.638,-0.54033166,0.42738372,0.07588671
4.65,-1.4339342,-0.59424245,1.0112424,4.649,-0.5445927,0.39649108,0.017297218
4.658,-1.6342211,-0.29513937,0.960503,4.659,-0.5563106,0.3432279,-0.033835433
4.67,-1.8537483,-0.03497809,0.91447246,4.669,-0.5605716,0.25481102,-0.064728074
4.68,-1.9872284,0.2478832,0.8064119,4.679,-0.5627022,0.0982173,-0.08603334
4.691,-1.9324541,0.49458694,0.5802007,4.69,-0.57761586,-0.044528015,-0.08283755
4.7,-1.8091679,0.80526686,0.53646123,4.701,-0.59252954,-0.19686069,-0.07325018
4.711,-1.211174,1.0423071,0.48347068,4.71,-0.6031822,-0.40245655,-0.077511236
4.722,-0.5341978,1.0917985,0.5512092,4.72,-0.58826846,-0.58994293,-0.0668586
4.734,0.20050716,0.9028872,0.81387436,4.732,-0.5445927,-0.70818716,-0.039161753
4.742,1.0531874,0.5159357,0.98668677,4.741,-0.49772105,-0.7241661,-0.0050733173
4.751,1.6608057,0.11846733,1.3059928,4.751,-0.44978422,-0.6165745,0.035406694
4.759,1.9405355,-0.19080186,1.8834873,4.76,-0.40717366,-0.4237618,0.08547408
4.77,2.1918125,-0.50657904,2.526325,4.771,-0.37201998,-0.21497017,0.12488883
4.782,2.507574,-0.88472486,3.1969297,4.783,-0.335801,-0.027483799,0.13873726
4.79,2.731985,-1.0789964,3.7491553,4.789,-0.3038431,0.13869731,0.12701936
4.8,2.86981,-1.1424819,4.3526726,4.802,-0.24418835,0.3421626,0.087604605
4.813,3.0668793,-1.3601785,4.1097045,4.812,-0.11635674,0.72991854,0.019427745
4.822,3.0891457,-1.3093021,2.5638149,4.822,-0.007699858,1.0058217,-0.053010177
4.832,2.8778133,-1.6816236,0.8524498,4.832,0.08284754,0.9078176,0.015166691
4.841,3.7173185,-3.0310497,-0.14577287,4.84,0.2479634,0.5200617,0.17815201
4.852,4.4954605,-3.41642,-1.1449083,4.853,0.33105394,-0.09033434,0.3262236
4.86,4.494359,-2.6912634,-1.9298297,4.861,0.24263707,-0.5824861,0.39759627
4.872,4.289155,-2.0081499,-1.6740005,4.873,0.14676335,-0.5963345,0.4029226
4.883,4.5009413,-1.2350233,-1.1789526,4.883,0.116935976,-0.24160177,0.34326786
4.893,4.5837765,-0.07755554,-1.71493,4.892,0.09456544,0.23989734,0.2601773
4.902,3.6274576,0.9876253,-2.6388006,4.903,0.010409622,0.6095438,0.19413097
4.912,2.1650772,1.6949284,-3.0320373,4.913,-0.100377776,0.7980954,0.13128042
4.923,0.54184246,2.0625396,-3.1646104,4.924,-0.21968728,0.84390175,0.07482145
4.933,-0.9338627,2.4672482,-3.3715878,4.932,-0.3539105,0.75974596,0.032210905
4.944,-1.9904976,2.9511926,-3.663491,4.943,-0.4849379,0.60315216,-0.015725954
4.954,-2.7540474,3.2939243,-3.7177389,4.953,-0.58613795,0.4103395,-0.067923866
4.962,-3.0513363,3.3709636,-3.493454,4.961,-0.6383359,0.18982996,-0.12225231
4.975,-3.039195,3.3692055,-3.208508,4.974,-0.6436622,-0.026418535,-0.17231968
4.983,-2.7566118,2.9486732,-2.9441576,4.984,-0.6255527,-0.22881861,-0.21386495
4.993,-2.2015676,2.1066482,-2.5341792,4.992,-0.5893338,-0.40245655,-0.24901865
5.004,-1.6180334,1.1648079,-1.9796026,5.003,-0.5435274,-0.51111346,-0.27884606
5.014,-1.1464367,0.27437884,-1.3279214,5.014,-0.48706844,-0.5164398,-0.2831071
5.023,-0.6326933,-0.61721456,-0.68764186,5.023,-0.4348705,-0.4237618,-0.26499763
5.035,0.1695385,-1.3274149,-0.23780611,5.034,-0.3879989,-0.28314704,-0.2447576
5.052,0.94701576,-1.8106003,-0.030754775,5.042,-0.335801,-0.10844383,-0.22451758
5.056,1.4963961,-2.1522484,-0.11211088,5.055,-0.2836031,0.053476226,-0.2149302
5.063,1.7535181,-2.2245655,-0.34127992,5.062,-0.24099256,0.14934994,-0.22558287
5.073,1.3985033,-2.0877004,-0.5248981,5.074,-0.20051254,0.20367838,-0.23303969
5.084,0.81753635,-1.7250214,-0.68043256,5.083,-0.15577148,0.23776682,-0.24049655
5.095,0.25965023,-1.2208133,-0.6363908,5.094,-0.10783463,0.2675942,-0.2479534
5.104,-0.21784306,-0.7712459,-0.7487602,5.105,-0.07268093,0.32511842,-0.24369232
5.115,-0.7439308,-0.24602479,-0.5180358,5.116,-0.0034388043,0.36240265,-0.2564755
5.124,-1.1537981,0.039802194,-0.52636325,5.125,0.011474884,0.3197921,-0.28097656
5.136,-1.5676327,0.439497,-0.52580386,5.137,0.024258044,0.2633331,-0.31719553
5.145,-2.1409225,0.87277585,-0.35247517,5.144,0.039171737,0.19515628,-0.32571763
5.156,-2.5983248,1.0555559,-0.34973982,5.155,0.03704121,0.13550152,-0.30867344
5.164,-2.6603565,1.1894054,-0.19769517,5.165,0.048759103,0.08117308,-0.29695553
5.176,-2.741435,1.2690716,-0.040715396,5.177,0.061542273,0.014061477,-0.29162923
5.186,-2.612256,1.2606058,0.06748897,5.185,0.0753907,-0.07861644,-0.294825
5.195,-2.3356724,1.137083,0.28010124,5.194,0.09456544,-0.16064174,-0.30654287
5.205,-2.2011547,0.86209005,0.56710356,5.206,0.116935976,-0.21816596,-0.29802078
5.217,-1.9523897,0.49057126,0.7753378,5.216,0.14250231,-0.24799335,-0.28417236
5.225,-1.7376299,0.056738615,0.93810093,5.226,0.16913389,-0.25118914,-0.2660629
5.238,-1.5399189,-0.29306448,1.00031,5.237,0.19150443,-0.21816596,-0.22877865
5.245,-1.2633991,-0.62642395,1.0446904,5.246,0.21494022,-0.15957648,-0.18510284
5.258,-0.9703016,-0.89974225,1.1476071,5.255,0.24583289,-0.09672592,-0.15527546
5.266,-0.7897968,-1.1623706,1.2057128,5.265,0.27885604,-0.041332226,-0.11905651
5.277,-0.74070835,-1.2433571,1.207743,5.276,0.3086834,0.015126742,-0.07431544
5.287,-0.7964754,-1.2154319,1.2257385,5.286,0.34703287,0.090760455,-0.01785648
5.298,-0.85869026,-1.2371529,1.3411962,5.297,0.42373186,0.1653289,0.038602483
5.307,-0.838851,-1.1484116,1.184813,5.308,0.44184136,0.19941732,0.09932251
5.317,-0.589241,-0.99445444,0.94032156,5.316,0.4578203,0.2356363,0.12701936
5.327,-0.40678692,-0.74037874,1.0224962,5.328,0.5121487,0.20367838,0.12169304
5.338,-0.60005283,-0.51893336,0.81576884,5.337,0.5441066,0.11739205,0.14086778
5.347,-0.4944725,-0.33467752,0.6776157,5.347,0.5600856,0.0066046338,0.14406358
5.358,-0.15316582,-0.12921298,0.56731206,5.356,0.5558245,-0.15425016,0.11530146
5.367,0.21493721,0.05142814,0.5399999,5.368,0.5398455,-0.3225618,0.08121303
5.379,0.5739136,0.22129005,0.6679975,5.377,0.50788766,-0.4333492,0.041798275
5.387,0.9791298,0.49471134,0.9334055,5.388,0.45995083,-0.46956816,-0.008269108
5.4,1.438036,0.82028574,1.3286519,5.401,0.40668765,-0.44613236,-0.054075442
5.407,1.8002691,1.1146501,1.792609,5.408,0.3491634,-0.35025865,-0.07218492
5.418,2.200262,1.3184353,2.317983,5.419,0.29057392,-0.19046912,-0.07325018
5.428,2.5330076,1.3928503,2.9078517,5.428,0.24689811,0.010865688,-0.06898913
5.438,2.6339102,1.317124,3.4383464,5.437,0.21387497,0.20154786,-0.06366281
5.449,2.4916086,1.0844809,3.7935033,5.448,0.17019916,0.37199,-0.055140704
5.458,2.2095308,0.8724931,3.5624914,5.456,0.09669597,0.64150167,-0.031704906
5.472,1.9106941,0.4150917,2.0439467,5.473,0.016801205,0.8598807,0.0034487906
5.479,2.1067543,0.2804947,1.2510469,5.478,-0.009830385,0.7086133,-0.030639643
5.489,3.3078728,0.7284331,0.15495998,5.488,-0.06096304,0.3368363,-0.16379757
5.5,4.7899055,0.8517842,-1.0685229,5.499,-0.15683675,-0.14572804,-0.35661027
5.508,5.408654,0.38526306,-1.2180077,5.509,-0.17068516,-0.49406922,-0.529183
5.521,4.6132956,-0.30753487,-0.9382227,5.52,-0.1344662,-0.40778288,-0.5749893
5.529,3.646409,-1.0107539,-1.4802618,5.53,-0.15044515,0.010865688,-0.4982903
5.54,3.428176,-1.4250071,-2.349419,5.539,-0.17068516,0.45614582,-0.38963345
5.55,3.254302,-1.767532,-3.0195272,5.549,-0.13979252,0.77465963,-0.294825
5.558,2.311739,-1.8107388,-3.0914626,5.558,-0.03007039,0.93977547,-0.22664812
5.569,0.7140598,-1.5490602,-2.924247,5.568,0.12971914,0.9706681,-0.17018916
5.581,-0.97674656,-1.1060766,-2.928452,5.582,0.29590026,0.9227312,-0.12544808
5.59,-2.4570007,-0.75775284,-3.085231,5.588,0.45355925,0.8470976,-0.088163875
5.6,-3.6491451,-0.7238103,-3.140926,5.599,0.5984351,0.7309838,-0.044488072
5.609,-4.4418774,-0.98666334,-3.1236482,5.61,0.7252014,0.5328448,-0.012530162
5.62,-4.7544775,-1.323455,-3.100189,5.619,0.8359888,0.21326576,0.010905635
5.632,-4.41273,-1.5725784,-3.064239,5.631,0.9137531,-0.17662068,0.0087751085
5.64,-3.7418594,-1.6190752,-2.7102065,5.639,0.94997203,-0.5185703,-0.011464898
5.651,-3.0764427,-1.461968,-2.2468104,5.651,0.92120993,-0.7337535,-0.014660689
5.66,-2.2282314,-1.2281543,-1.8229405,5.659,0.8189446,-0.7955388,0.0045140544
5.67,-1.1977282,-0.9454808,-1.2429273,5.671,0.6847214,-0.7199051,0.044994064
5.683,-0.087677956,-0.49560827,-0.67688036,5.682,0.5600856,-0.54839766,0.09932251
5.691,1.0502119,0.031693406,-0.31070894,5.692,0.47699505,-0.35984603,0.16643412
5.702,1.9408073,0.5133579,-0.39230436,5.701,0.4290582,-0.20218702,0.23674151
5.71,2.3791075,0.9456676,-0.66323954,5.711,0.41201398,-0.044528015,0.29213518
5.722,2.3851357,1.1890426,-0.8105991,5.722,0.41201398,0.09928256,0.315571
5.731,1.933547,1.2501651,-0.89788926,5.74,0.40775293,0.17172047,0.30491835
5.741,0.965189,1.1260666,-1.0758789,5.742,0.33957604,0.15787205,0.30598363
5.752,0.3481121,0.7854077,-1.1038663,5.751,0.26820338,0.15041521,0.31770152
5.76,-0.1693821,0.4831103,-0.94458807,5.759,0.20961392,0.10780467,0.31237522
5.772,-0.626091,0.23643677,-0.9247792,5.773,0.16380757,0.018322533,0.31450573
5.785,-1.1013889,0.108024016,-1.0466101,5.784,0.055150695,-0.046658542,0.31983206
5.793,-1.4277573,0.050593436,-0.6309371,5.792,-0.007699858,-0.07222486,0.315571
5.801,-1.4762411,-0.27422556,-0.18250614,5.802,-0.042853557,-0.10844383,0.29213518
5.812,-1.8593969,-0.35417596,0.12276441,5.812,-0.06948514,-0.08713855,0.2974615
5.822,-2.1027184,-0.5240125,0.3034138,5.822,-0.102508314,-0.059441704,0.30811417
5.831,-1.9484167,-0.62045664,0.44757938,5.831,-0.13659674,-0.075420655,0.29213518
5.841,-1.7969818,-0.686942,0.66723,5.84,-0.15896727,-0.09033434,0.26976466
5.853,-1.6795473,-0.5824469,0.68191814,5.854,-0.18666412,-0.0913996,0.26763415
5.861,-1.516902,-0.4193461,0.6615615,5.86,-0.21755676,-0.0913996,0.2655036
5.872,-1.3450317,-0.25666487,0.67015296,5.873,-0.24631888,-0.10737856,0.2601773
5.884,-1.30025,-0.066905916,0.66926235,5.883,-0.27614626,-0.13187961,0.26230782
5.896,-1.2270241,0.13076925,0.66080505,5.895,-0.29425573,-0.16277227,0.26124254
5.903,-1.182785,0.30402613,0.6484365,5.904,-0.33367047,-0.2171007,0.26230782
5.914,-1.2440519,0.33852595,0.64893186,5.913,-0.36349788,-0.22881861,0.25804675
5.923,-1.2573605,0.4156794,0.8683515,5.924,-0.37415048,-0.20325227,0.23567624
5.934,-1.4879618,0.4282865,1.0203509,5.933,-0.36775893,-0.14040174,0.21756676
5.944,-1.5862217,0.4246661,1.0272491,5.945,-0.37947682,-0.07222486,0.18986991
5.954,-1.3040466,0.6166355,0.8650679,5.955,-0.42315263,-0.032810118,0.12595409
5.965,-1.192462,0.68020207,0.59946096,5.964,-0.50198215,-0.031744853,0.053516176
5.975,-0.8523388,0.6265311,0.43024856,5.974,-0.5808116,-0.08926908,-0.030639643
5.984,-0.31811905,0.43896997,0.4306599,5.985,-0.62022644,-0.1467933,-0.12012177
5.993,-0.3382311,0.20975834,0.49914008,5.992,-0.62981373,-0.14572804,-0.16699336
6.008,-0.62385654,0.093480945,0.40254623,6.007,-0.6362054,-0.12335751,-0.1659281
6.015,-0.63140297,-0.19208366,0.41141206,6.015,-0.62342215,-0.13294488,-0.15527546
6.024,-0.47398472,-0.50712013,0.50943595,6.023,-0.57974637,-0.1702291,-0.14142704
6.034,-0.4007311,-0.804192,0.65221584,6.034,-0.5211569,-0.20964386,-0.1020123
6.043,-0.24616623,-1.0701884,0.799325,6.042,-0.46043685,-0.23094913,-0.043422807
6.055,-0.058146477,-1.3397119,1.0385048,6.054,-0.3997168,-0.24799335,0.027949853
6.063,0.1370802,-1.5373766,1.4074793,6.063,-0.34112734,-0.24692807,0.09186566
6.074,0.32042313,-1.6951542,1.8872277,6.074,-0.2836031,-0.2085786,0.13128042
6.085,0.48709774,-1.7151368,2.325776,6.084,-0.23566625,-0.1467933,0.15684675
6.096,0.39338398,-1.4699761,2.7424357,6.095,-0.19944727,-0.082877494,0.1845436
6.108,0.40076542,-1.1081021,3.10617,6.107,-0.19518623,-0.029614326,0.20371835
6.115,0.41091442,-0.64490175,3.5019941,6.116,-0.17920727,0.040693067,0.20584887
6.126,0.7415514,-0.42644787,3.4573202,6.125,-0.12168305,0.18450364,0.17176042
6.135,1.3416891,-0.2526855,2.2989671,6.136,-0.054571453,0.3283142,0.109975144
6.146,1.34309,-0.3389696,0.7225573,6.145,-0.026874602,0.2558763,0.120627776
6.156,1.7744799,-1.4778632,-0.6614198,6.155,0.063672796,-0.009374319,0.2505899
6.166,3.2753134,-2.6278076,-0.97006917,6.165,0.19576548,-0.5089829,0.45725104
6.176,4.8033905,-2.462346,-1.4355234,6.176,0.25328973,-0.99048203,0.61171424
6.187,5.5252895,-1.8543224,-1.4873259,6.195,0.26820338,-0.6762293,0.4966658
6.196,5.6492796,-1.2237335,-0.34886026,6.188,0.25115916,-1.0416148,0.610649
6.215,5.804572,-0.45997608,0.10524419,6.214,0.29483497,-0.13933645,0.33368048
6.217,5.8296947,0.29782218,-0.4008799,6.216,0.30761814,0.36559844,0.15791202
6.227,5.2919054,1.1199169,-1.3454514,6.228,0.24583289,0.67772067,-0.015725954
6.237,4.00626,1.5165038,-2.0431218,6.236,0.1307844,0.79489964,-0.157406
6.248,2.1852875,1.5421503,-2.5198789,6.247,-0.0045040674,0.7799859,-0.2362355
6.256,0.44018936,1.6773429,-3.0449963,6.255,-0.17175044,0.6574806,-0.25434497
6.268,-0.86819744,1.913835,-3.4973657,6.267,-0.34325784,0.48810372,-0.2479534
6.277,-1.8677616,2.1716478,-3.6406379,6.276,-0.4678937,0.30594367,-0.23090917
6.287,-2.6718102,2.3319302,-3.6041977,6.288,-0.549919,0.13550152,-0.2010818
6.298,-3.3046227,2.337512,-3.4235144,6.297,-0.61063904,-0.04346275,-0.157406
6.308,-3.4584274,2.196394,-3.2984705,6.307,-0.66177166,-0.23734072,-0.12438283
6.319,-3.1868963,1.8040099,-2.8751469,6.319,-0.6756201,-0.43867552,-0.11159967
6.328,-2.7660494,1.2272362,-2.3038702,6.327,-0.63940114,-0.59526926,-0.107338615
6.338,-2.0453615,0.61116356,-1.6187022,6.338,-0.5520495,-0.66877246,-0.13397019
6.348,-1.1902866,0.005235195,-0.7663655,6.347,-0.41995683,-0.6634461,-0.17658073
6.356,-0.38981915,-0.49413437,-0.10205586,6.357,-0.28786415,-0.5654419,-0.22345233
6.369,0.6407051,-1.027226,0.23814684,6.368,-0.18879464,-0.40352184,-0.29162923
6.379,1.4962587,-1.4261563,0.30558518,6.378,-0.12594411,-0.23414491,-0.36087134
6.389,1.986126,-1.8047776,0.12607493,6.388,-0.08652936,-0.09566066,-0.41200396
6.399,2.0657225,-2.0965862,-0.049819343,6.398,-0.059897773,0.019387797,-0.43970084
6.41,1.6649847,-2.1349878,-0.09651488,6.41,-0.0385925,0.11952257,-0.42904818
6.424,1.0409174,-1.8066792,-0.15562874,6.425,-0.026874602,0.21539629,-0.3800461
6.43,0.32342434,-1.2210441,-0.25051472,6.429,-0.029005129,0.30594367,-0.29802078
6.438,-0.21939373,-0.58811116,-0.3207232,6.437,-0.025809336,0.37731633,-0.21279968
6.449,-0.4637041,0.039771676,-0.29513967,6.448,-0.0013082768,0.4241879,-0.14462283
6.458,-0.6278238,0.41955698,-0.42498705,6.458,-0.02367881,0.43484056,-0.097751245
6.469,-0.92002964,0.7935394,-0.302131,6.47,-0.018352494,0.46892896,-0.08177229
6.48,-1.2756329,1.2780919,-0.07547043,6.479,0.01573594,0.46892896,-0.08922914
6.49,-1.6922903,1.6172326,-0.036001623,6.489,0.05834648,0.44868898,-0.09455545
6.499,-2.0217571,1.7565358,0.019503504,6.5,0.07752122,0.40288264,-0.09988177
6.511,-2.1496763,1.820799,-0.095101446,6.51,0.074325435,0.33364052,-0.1275786
6.519,-2.1389675,1.7387844,-0.004142374,6.52,0.05941174,0.2239184,-0.17551546
6.531,-1.9329834,1.48022,0.013934225,6.53,0.040237,0.07691203,-0.23943128
6.539,-1.8574886,1.1013557,0.11835325,6.54,0.018931728,-0.059441704,-0.29589027
6.551,-1.8738251,0.67253155,0.28872174,6.55,-0.0045040674,-0.15318489,-0.33423975
6.56,-1.7281332,0.33668786,0.4919648,6.559,-0.019417755,-0.23414491,-0.36087134
6.571,-1.5305538,-0.06301236,0.51640296,6.57,-0.032200918,-0.2937997,-0.36300188
6.58,-1.3572788,-0.38587737,0.6550803,6.581,-0.032200918,-0.29486495,-0.34595764
6.59,-0.9883795,-0.6006493,0.86675775,6.589,-0.017287228,-0.27462494,-0.32465237
6.601,-0.77060413,-0.7100849,0.9539721,6.6,0.0061485684,-0.22242701,-0.2831071
6.612,-0.8707981,-0.8358078,1.0727189,6.611,0.030649625,-0.12974909,-0.19895127
6.621,-0.9461117,-0.9443071,1.2046492,6.62,0.05728122,0.0023435801,-0.09455545
6.632,-0.9511967,-0.88696027,1.3446003,6.631,0.086043335,0.133371,2.5300006E-4
6.641,-0.8098154,-0.7033824,1.4185648,6.64,0.13291493,0.23776682,0.069495134
6.652,-0.7828922,-0.36543995,1.4340974,6.653,0.14889388,0.28570366,0.13873726
6.66,-0.85353374,-0.38479722,1.4256768,6.661,0.1723297,0.31340054,0.19200043
6.672,-0.9667034,-0.21599692,1.5929928,6.671,0.22559285,0.27718157,0.20904465
6.682,-1.0364323,0.02406472,1.2645223,6.681,0.23837602,0.20261313,0.2165015
6.692,-0.84572315,0.21873151,1.0086739,6.693,0.23944128,0.12910993,0.1845436
6.702,-0.825469,0.28634852,0.8388067,6.702,0.23624548,0.02045306,0.13128042
6.713,-1.0163183,0.23769812,0.7023039,6.711,0.23091918,-0.11377014,0.07162566
6.721,-0.9184532,0.102066696,0.5626635,6.722,0.22239707,-0.23840597,0.015166691
6.733,-0.5396757,-0.036332488,0.59817463,6.734,0.21387497,-0.33001867,-0.029574381
6.742,-0.21733856,-0.09985027,0.7000294,6.743,0.20322232,-0.37475973,-0.045553334
6.753,0.25458908,0.0049816966,0.94947094,6.752,0.1861781,-0.38008603,-0.039161753
6.761,0.7613182,0.21545447,1.3040361,6.76,0.17872126,-0.32469234,-0.030639643
6.772,0.99233437,0.34508288,1.8219566,6.772,0.1861781,-0.22242701,-0.012530162
6.783,1.1635141,0.4427379,2.2185538,6.784,0.18937391,-0.10737856,0.027949853
6.791,1.2009993,0.44857928,2.595632,6.79,0.19256969,-0.004048001,0.06097302
6.803,1.1552172,0.39552787,3.0140991,6.802,0.20322232,0.054541495,0.08547408
6.815,1.0047092,0.21116449,3.2273462,6.814,0.20535284,0.112065725,0.12275829
6.824,0.7402506,-0.1148662,3.4558654,6.823,0.17872126,0.18769944,0.15365095
6.835,0.7230272,-0.17889795,2.897432,6.832,0.13184968,0.3666637,0.18560886
6.844,0.77132416,-0.57162094,1.8569281,6.841,0.12545809,0.42844895,0.23887204
6.877,2.7913418,-0.42900103,-0.785526,6.873,0.2330497,0.2729205,0.2825478
6.878,5.8059864,0.08015114,-2.38608,6.875,0.3267929,-0.04985433,0.2974615
6.874,1.1115847,-0.7012796,1.0708601,6.878,0.3235971,-0.4599808,0.2218278
6.883,8.10591,0.6941021,-3.669688,6.883,0.23731075,-0.67409873,0.056711964
6.894,8.441685,1.1940509,-4.0298023,6.893,0.1456981,-0.5409408,-0.08390281
6.903,7.1805744,0.87637675,-3.59394,6.904,0.09776123,-0.16703331,-0.115860716
6.915,5.5271072,0.36057782,-3.1315744,6.914,0.07858648,0.25907207,-0.08070702
6.924,4.371419,0.27015406,-2.9397604,6.925,0.06686859,0.5562806,-0.075380705
6.935,2.9090548,0.62732464,-2.7757065,6.934,0.074325435,0.7448322,-0.08603334
6.943,0.77033615,1.087594,-2.6883924,6.944,0.0871086,0.8673375,-0.088163875
6.958,-1.2759056,1.1043375,-2.5107882,6.959,0.12226229,0.88864285,-0.09455545
6.964,-2.9410658,0.7043729,-2.285677,6.964,0.17339495,0.7831817,-0.11266493
6.975,-4.1435432,0.11508852,-2.0488985,6.974,0.22239707,0.5775859,-0.15634072
6.984,-4.8038445,-0.56895673,-1.8658168,6.985,0.2799213,0.31766158,-0.23943128
6.994,-5.086911,-0.894454,-1.6502757,6.995,0.34596765,-0.010439582,-0.25860602
7.005,-4.9367514,-1.3672792,-1.8018615,7.004,0.38964346,-0.3108439,-0.2681934
7.016,-4.6767607,-1.417162,-1.8564119,7.017,0.39496976,-0.56863767,-0.23410496
7.025,-3.850091,-1.2793759,-2.265122,7.026,0.32785815,-0.71244824,-0.19575547
7.036,-2.9806147,-0.89962363,-2.186246,7.035,0.24370232,-0.75931984,-0.13397019
7.046,-2.0790348,-0.57260346,-1.9748625,7.045,0.15741599,-0.7199051,-0.045553334
7.056,-1.0328903,-0.18210793,-1.6481562,7.055,0.084978074,-0.59953034,0.03753722
7.067,0.11936569,0.21603055,-1.3505795,7.066,0.023192786,-0.4333492,0.09719198
7.076,1.0618973,0.6145417,-1.2947484,7.077,-0.042853557,-0.27036387,0.14193305
7.086,1.708931,1.1146536,-1.4079185,7.085,-0.12594411,-0.14253226,0.1728257
7.096,1.881733,1.5617889,-1.5188749,7.097,-0.21968728,-0.04346275,0.17708676
7.107,1.750926,1.8627093,-1.4765142,7.106,-0.31662625,0.015126742,0.15471622
7.119,1.5583916,1.9410343,-1.5185394,7.117,-0.41676104,0.05880255,0.1142362
7.126,1.1703568,1.9341131,-1.4664125,7.127,-0.5115695,0.08117308,0.0673646
7.136,0.50359726,1.7459619,-1.566791,7.136,-0.64153165,0.08862993,0.038602483
7.147,-0.013441086,1.5007724,-1.6002357,7.146,-0.80025595,0.08436888,0.021558272
7.156,-0.3619957,1.2954967,-1.3888156,7.157,-0.9493928,0.06625939,-0.001877527
7.166,-0.79583263,1.0361857,-1.3308604,7.165,-1.0974643,0.02684464,-0.016791217
7.176,-1.1928921,0.83131063,-1.153871,7.178,-1.233818,-0.017896427,-0.009334371
7.187,-1.3142395,0.6828699,-1.0798846,7.187,-1.3605845,-0.07648592,0.0087751085
7.197,-1.2871819,0.5104222,-0.9878134,7.198,-1.4681761,-0.13720593,0.031145642
7.207,-1.0642662,0.3740254,-0.9396553,7.208,-1.5693761,-0.16277227,0.054581437
7.218,-0.87288475,0.35002968,-0.96743816,7.217,-1.6652498,-0.14359751,0.088669874
7.227,-0.590971,0.37700772,-1.0132605,7.228,-1.7621888,-0.07755118,0.12808463
7.236,-0.402668,0.46015733,-0.94782704,7.237,-1.8538015,0.015126742,0.15791202
7.247,-0.17873287,0.61759967,-0.9317013,7.248,-1.9464793,0.112065725,0.17495623
7.256,0.030507088,0.8958185,-1.0535222,7.257,-2.053006,0.18876469,0.17708676
7.269,0.22262001,1.2693053,-1.1746304,7.27,-2.17125,0.22604892,0.16323832
7.278,0.31391525,1.62174,-1.3102156,7.277,-2.2937553,0.25054997,0.1344762
7.289,0.35233974,1.9038162,-1.3752487,7.288,-2.4215872,0.25161523,0.08440882
7.3,0.37133503,2.1161008,-1.43458,7.299,-2.5494187,0.2526805,0.029015115
7.307,0.27293968,2.2439003,-1.4716154,7.308,-2.6889682,0.26972473,-0.029574381
7.319,0.17931557,2.2751954,-1.593153,7.32,-2.8381052,0.2729205,-0.06898913
7.329,0.040359497,2.1572285,-1.6544516,7.328,-2.9744587,0.25907207,-0.087098606
7.34,-0.048155785,1.9665253,-1.6301613,7.339,-3.1022904,0.2324405,-0.095620714
7.348,-0.107842445,1.6898136,-1.617274,7.349,-3.2152085,0.19302575,-0.09349019
7.359,-0.02883339,1.2661111,-1.5237622,7.358,-3.303625,0.12910993,-0.0785765
7.37,0.030823708,0.8258772,-1.4215401,7.369,-3.3739326,0.054541495,-0.054075442
7.384,0.0879364,0.5418836,-1.2671115,7.383,-3.428261,-0.016831163,-0.031704906
7.389,0.2619791,0.3057133,-1.0836895,7.39,-3.460219,-0.07222486,-0.008269108
7.399,0.3520012,0.0812422,-0.9021898,7.4,-3.4836547,-0.07968171,0.014101425
7.409,0.39173698,-0.12918213,-0.69730145,7.41,-3.500699,-0.04878907,0.033276167
7.419,0.43867493,-0.4028456,-0.58069384,7.419,-3.500699,0.008735161,0.050320383
7.428,0.4306574,-0.77522105,-0.48894864,7.429,-3.4900463,0.07797729,0.068429865
7.437,0.3558693,-1.1334453,-0.49007666,7.437,-3.4825895,0.1450889,0.088669874
7.449,0.37935734,-1.4555671,-0.557208,7.449,-3.4740674,0.20580891,0.0908004
7.457,0.3502531,-1.7361183,-0.50790447,7.458,-3.4548926,0.2441584,0.080147766
7.468,0.26381588,-1.8907576,-0.5717727,7.469,-3.441044,0.26546368,0.06523407
7.481,0.30421162,-1.9263716,-0.730726,7.48,-3.4463706,0.2665289,0.041798275
7.491,0.497324,-1.8588866,-0.712144,7.49,-3.4495664,0.23457102,2.5300006E-4
7.501,0.6013136,-1.6688381,-0.5421855,7.5,-3.4048252,0.21006995,-0.055140704
7.51,0.5063877,-1.1885133,-0.15990339,7.511,-3.3483663,0.18556891,-0.10307756
7.522,0.04821682,-1.2613652,-0.39308316,7.521,-3.3526275,0.21965733,-0.14249231
7.531,-0.110321045,-1.158745,0.35277358,7.53,-3.2780588,0.26972473,-0.19362494
7.541,-0.42161465,-1.0278131,0.24748056,7.541,-3.2333179,0.31340054,-0.2213218
7.551,-0.7847557,-1.0931327,0.206624,7.55,-3.2034905,0.37625104,-0.23836602
7.561,-1.0585194,-1.1809163,-0.01553309,7.56,-3.1992295,0.44442794,-0.2596713
7.57,-1.2860956,-1.2315763,-0.24931604,7.571,-3.225861,0.50834376,-0.294825
7.582,-1.6109581,-1.4111902,-0.42964917,7.581,-3.2610147,0.55201954,-0.33317447
7.594,-1.789093,-1.6598134,-0.52126515,7.595,-3.2833853,0.5488238,-0.37045872
7.602,-1.7205276,-1.9603167,-0.61300147,7.603,-3.2791243,0.509409,-0.40454713
7.612,-1.4680719,-2.2932558,-0.5963235,7.611,-3.225861,0.46892896,-0.4343745
7.622,-1.1875086,-2.5246203,-0.61743724,7.623,-3.1204,0.43271005,-0.44822294
7.632,-1.0676308,-2.69627,-0.7173592,7.632,-2.9733934,0.39436054,-0.43117872
7.64,-1.0291233,-2.7530718,-0.8312639,7.641,-2.7922988,0.3187268,-0.37578502
7.651,-0.9954214,-2.726152,-0.9993569,7.652,-2.5962903,0.21539629,-0.2831071
7.661,-0.9976711,-2.5581763,-1.2045224,7.66,-2.4109342,0.092890985,-0.17231968
7.673,-0.8925333,-2.270307,-1.3284309,7.672,-2.2426229,-0.030679587,-0.055140704
7.684,-0.78305626,-1.9411373,-1.449236,7.683,-2.1115954,-0.11057435,0.0556467
7.691,-0.6714239,-1.4642799,-1.5218015,7.692,-2.0317006,-0.13081436,0.14406358
7.702,-0.5263777,-0.8730985,-1.5513592,7.703,-2.000808,-0.115900666,0.20052254
7.714,-0.16872597,-0.33333972,-1.5412631,7.712,-1.9997425,-0.08607329,0.2282194
7.724,0.37468433,0.2360512,-1.7056146,7.723,-2.021048,-0.04985433,0.23780677
7.732,0.981472,1.0292621,-1.8987622,7.733,-2.053006,-0.050919596,0.24100256
7.744,1.6752377,2.0809975,-2.0715208,7.743,-2.0924206,-0.1382712,0.23993729
7.754,2.5678444,2.900225,-2.332509,7.752,-2.1350312,-0.30658284,0.24952465
7.762,3.5894547,3.31863,-2.2171001,7.761,-2.1616628,-0.4855471,0.21969728
7.773,4.185357,3.192981,-1.4440459,7.774,-2.1233132,-0.61870503,0.12382356
7.784,4.0698853,2.5657456,-0.46772274,7.783,-2.017852,-0.6453366,2.5300006E-4
7.792,3.6009092,1.7924043,0.21684521,7.793,-1.8932163,-0.54413664,-0.11266493
7.804,2.98001,1.0395191,0.6833482,7.805,-1.7675151,-0.35025865,-0.20640811
7.814,2.3005667,0.4145274,0.88478535,7.815,-1.6556624,-0.11163961,-0.2863029
7.825,1.689189,-0.28412396,0.81011325,7.824,-1.5842898,0.10567414,-0.3640671
7.834,1.1312895,-0.9215111,0.5121833,7.835,-1.556593,0.30381316,-0.4354398
7.844,0.49804974,-1.3781039,0.6487255,7.843,-1.5065256,0.42525318,-0.4993556
7.854,-0.21965694,-1.6720953,0.27254596,7.855,-1.4958729,0.4454932,-0.53344405
7.864,-0.93525887,-1.7675958,-0.010047961,7.863,-1.5193087,0.3954258,-0.5409009
7.876,-1.4718056,-1.6190991,-0.22777553,7.875,-1.5693761,0.28889945,-0.529183
7.884,-1.9851036,-1.3139937,-0.40873086,7.886,-1.6269003,0.13763206,-0.50042087
7.894,-2.2841492,-0.9800211,-0.3740954,7.895,-1.6727066,-0.046658542,-0.4578103
7.904,-2.3600187,-0.6498859,-0.31715828,7.905,-1.7067951,-0.2256228,-0.39709032
7.915,-2.294528,-0.431848,0.04588676,7.914,-1.6961424,-0.3726292,-0.3267829
7.926,-2.0163069,-0.054924645,0.3837841,7.925,-1.6471404,-0.45571974,-0.25434497
7.936,-1.540184,0.31565416,0.6640791,7.935,-1.5842898,-0.46104607,-0.18190706
7.946,-0.82130146,0.536531,0.93426704,7.945,-1.4990687,-0.39073867,-0.12970914
7.956,-0.04918194,0.7041744,1.1344519,7.955,-1.3957381,-0.30019128,-0.12225231
7.965,0.5871773,0.7786762,1.0716878,7.964,-1.3094519,-0.18940385,-0.14462283
7.976,0.90642834,0.84586793,0.92624974,7.975,-1.2444708,-0.0711596,-0.18084179
7.986,0.95233536,0.801786,0.61631835,7.985,-1.2146434,0.046019383,-0.22771339
7.993,0.8020754,0.69110215,0.31676868,7.994,-1.2157086,0.15148047,-0.27778077
8.005,0.61154175,0.57348245,0.071645126,8.006,-1.2497971,0.21433103,-0.32039133
8.016,0.3714199,0.46644306,-0.19394912,8.017,-1.3094519,0.23989734,-0.33956608
8.027,0.11057854,0.41536975,-0.28280663,8.026,-1.3754982,0.24628891,-0.34063134
8.036,-0.08012867,0.35027024,-0.28434563,8.037,-1.4351529,0.23989734,-0.33210924
8.046,-0.25346375,0.3104296,-0.25725284,8.045,-1.4873508,0.22817944,-0.3118692
8.055,-0.3617363,0.23244339,-0.19152062,8.057,-1.5288961,0.21433103,-0.29589027
8.066,-0.45051956,0.15186438,-0.21361992,8.065,-1.5747025,0.20687418,-0.27351972
8.076,-0.5032549,0.073186785,-0.24842305,8.077,-1.6194434,0.1919605,-0.24688812
8.088,-0.47216415,0.022598892,-0.25504157,8.087,-1.6556624,0.16426364,-0.23517022
8.097,-0.4721775,0.033465564,-0.2259906,8.097,-1.6780331,0.13230573,-0.23197444
8.107,-0.3979988,0.048642457,-0.15724236,8.106,-1.6908162,0.10567414,-0.23197444
8.116,-0.34552097,0.055751562,-0.08771086,8.117,-1.6950773,0.08862993,-0.23303969
8.128,-0.2238226,-0.022961855,0.025960468,8.127,-1.6844245,0.069455184,-0.23730075
8.138,-0.25051212,-0.18764424,0.14333054,8.137,-1.6567278,0.03217096,-0.2362355
8.148,-0.26518726,-0.32768363,0.20896068,8.147,-1.6269003,-8.522109E-4,-0.22664812
8.156,-0.23926163,-0.4829932,0.13895948,8.157,-1.6205088,-0.011504846,-0.19469021
8.167,-0.24224949,-0.6346364,0.08903946,8.166,-1.6141171,2.1305308E-4,-0.16379757
8.178,-0.34813118,-0.5891027,0.028366402,8.177,-1.613052,0.027909905,-0.11905651
8.189,-0.40139866,-0.5820709,-0.018323645,8.188,-1.6119866,0.052410964,-0.07644597
8.199,-0.5168791,-0.5586498,-0.086495906,8.198,-1.6119866,0.06519413,-0.040227015
8.208,-0.6704998,-0.5505571,-0.17013365,8.207,-1.6055951,0.079042554,-0.0072038444
8.218,-0.7546129,-0.5891296,-0.18316181,8.219,-1.5906814,0.06412887,0.01836248
8.23,-0.8291464,-0.5627038,-0.25184453,8.229,-1.5757676,0.0076698973,0.038602483
8.237,-0.834466,-0.59151757,-0.37187627,8.238,-1.5672456,-0.06263749,0.06097302
8.248,-0.7946987,-0.5677896,-0.5059351,8.249,-1.5693761,-0.12974909,0.087604605
8.257,-0.73386,-0.4506986,-0.62326956,8.256,-1.5842898,-0.1734249,0.11743198
8.268,-0.671052,-0.37642717,-0.65459234,8.267,-1.6077256,-0.19899122,0.15045516
8.278,-0.42940617,-0.44733897,-0.5947397,8.279,-1.6247699,-0.20325227,0.17389096
8.29,-0.15977287,-0.53980887,-0.586932,8.289,-1.6279657,-0.18833858,0.18880466
8.299,0.15938663,-0.83148164,-0.44405365,8.298,-1.6141171,-0.17981648,0.20158781
8.31,0.48732853,-1.1524289,-0.19436383,8.309,-1.5715067,-0.18620805,0.20691413
