0.0,-0.037739754,0.012105972,0.013630778,0.001,-0.004623413,0.0066375732,-0.0029907227
0.011,-0.037117958,0.021135956,0.021197537,0.01,-0.0014343262,0.0045166016,-0.0019226074
0.021,-0.0058965683,-0.02767703,0.033133924,0.02,-3.6621094E-4,0.0066375732,-0.0019226074
0.034,0.029501915,-0.029747397,0.05642039,0.035,7.019043E-4,0.008773804,-0.0019226074
0.04,0.06314659,-0.04967174,0.031906772,0.04,0.0060272217,0.011962891,-0.004043579
0.05,0.042057037,-0.068290204,0.023741081,0.05,0.008163452,0.017303467,-0.0061798096
0.06,0.008366585,-0.03845346,0.009265285,0.06,0.011352539,0.022628784,-0.007247925
0.07,-3.2424927E-5,-0.019707441,0.004136,0.069,0.011352539,0.025817871,-0.007247925
0.08,-0.023587227,-0.039906442,-0.0053990446,0.079,0.011352539,0.02368164,-0.0051116943
0.09,-0.0361557,-0.022094816,-0.023024544,0.089,0.012420654,0.02368164,-0.0051116943
0.1,-0.061442375,-0.025237232,-0.028162856,0.099,0.014541626,0.019424438,2.1362305E-4
0.11,-0.040382385,0.017887682,0.0121535845,0.109,0.014541626,0.013031006,0.00340271
0.119,-0.024386406,0.007328838,0.028569397,0.119,0.014541626,0.009841919,0.00340271
0.143,0.0054531097,0.0061561167,0.03645328,0.129,0.016677856,0.009841919,0.0012817383
0.146,0.021844864,0.01666072,0.0248614,0.146,0.015609741,0.015167236,2.1362305E-4
0.155,0.001490593,-0.023634702,0.08227156,0.155,0.014541626,0.021560669,2.1362305E-4
0.158,0.0038080215,-0.074049324,0.089395925,0.158,0.0134887695,0.020492554,-0.0019226074
0.171,-0.06098652,-0.060170323,0.055208273,0.167,0.011352539,0.020492554,-0.0029907227
0.178,-0.067028046,-0.0028562248,0.14779273,0.177,0.008163452,0.030075073,-0.0019226074
0.188,-0.062366486,-0.0017262399,0.14062567,0.187,0.0049591064,0.03540039,-8.544922E-4
0.197,-0.106040955,-0.019554824,0.06677108,0.198,0.008163452,0.032211304,-0.0019226074
0.207,-0.12901115,0.071975976,0.0045000836,0.208,0.010284424,0.022628784,-0.0061798096
0.218,-0.23047161,0.06040871,-0.09402244,0.218,0.018814087,0.0066375732,-0.009384155
0.228,-0.2655182,-0.017843038,-0.27366903,0.227,0.02520752,-0.013595581,-0.007247925
0.238,-0.24705791,0.057701617,-0.3318923,0.237,0.022003174,-0.04449463,-0.012573242
0.263,-0.1689167,0.014507383,-0.23843503,0.263,0.0038909912,-0.12757874,-0.028549194
0.263,-0.006187439,-0.08274618,0.015931405,0.262,0.0134887695,-0.09135437,-0.022155762
0.267,0.10324478,-0.17568973,0.2789227,0.266,-0.0035552979,-0.13822937,-0.025360107
0.277,0.16027546,-0.29610518,0.4495675,0.276,-0.014221191,-0.12864685,-0.021087646
0.287,0.13351536,-0.26122913,0.48909262,0.287,-0.020599365,-0.106277466,-0.016830444
0.297,0.032787323,-0.1503576,0.3455148,0.296,-0.018478394,-0.09135437,-0.02003479
0.306,-0.06293011,-0.13352925,0.17328818,0.307,-0.017410278,-0.09988403,-0.026428223
0.317,-0.13929558,-0.0583497,0.11683639,0.316,-0.019546509,-0.11906433,-0.02748108
0.326,-0.15812874,-0.043931067,0.1504284,0.326,-0.022735596,-0.14569092,-0.024291992
0.336,-0.15652943,-0.15777558,0.174968,0.337,-0.025939941,-0.17552185,-0.016830444
0.347,-0.19066715,-0.22837222,0.2866683,0.346,-0.032318115,-0.19895935,-0.0051116943
0.361,-0.089681625,-0.25582895,0.3347291,0.363,-0.038711548,-0.22238159,0.0066070557
0.366,-0.06169319,-0.35172486,0.33330885,0.365,-0.036590576,-0.24156189,0.014053345
0.375,-0.07783699,-0.4130809,0.1847597,0.378,-0.029129028,-0.2511444,0.022583008
0.385,-0.08665466,-0.351352,0.13932566,0.386,-0.036590576,-0.26393127,0.034301758
0.396,-0.0797472,-0.24160543,0.25643134,0.395,-0.05256653,-0.2745819,0.05027771
0.406,-0.08229828,-0.23716483,0.37100476,0.405,-0.062149048,-0.27565002,0.063064575
0.418,-0.1432352,-0.16029269,0.43098062,0.415,-0.07067871,-0.2703247,0.07157898
0.425,-0.20509243,0.002134025,0.47561246,0.425,-0.07707214,-0.27246094,0.08117676
0.435,-0.2952814,0.09635931,0.4786502,0.434,-0.081329346,-0.29908752,0.084365845
0.445,-0.47815132,-0.08792144,0.45405474,0.445,-0.081329346,-0.34596252,0.084365845
0.454,-0.37838936,-0.17689326,0.46725035,0.455,-0.08665466,-0.3992157,0.08969116
0.467,-0.13524342,-0.27619526,0.631394,0.467,-0.102630615,-0.44076538,0.09289551
0.477,0.09555817,-0.52502555,0.83616936,0.476,-0.114349365,-0.43118286,0.1003418
0.484,0.48349762,-0.2002846,0.97201127,0.485,-0.12181091,-0.40348816,0.11099243
0.494,0.42393875,-0.15832365,0.93969274,0.496,-0.13778687,-0.37365723,0.12271118
0.505,0.09328365,-0.22105634,1.4503597,0.504,-0.16015625,-0.3076172,0.12910461
0.515,-0.16264057,-0.1000731,1.5524801,0.514,-0.13671875,-0.27246094,0.12484741
0.524,-0.34160233,-0.1325301,1.2491078,0.524,-0.10688782,-0.25860596,0.10887146
0.534,-0.49156666,-0.0146128535,1.3030899,0.534,-0.08345032,-0.24263,0.093948364
0.544,-0.42118454,0.074549854,1.079098,0.543,-0.05895996,-0.2607422,0.10673523
0.554,-0.2598362,-0.09282857,1.0465266,0.553,-0.07600403,-0.2926941,0.1237793
0.564,-0.09163952,0.0673995,1.0831511,0.563,-0.07067871,-0.30441284,0.11206055
0.579,0.17060947,0.21760029,0.8965664,0.58,-0.07173157,-0.32891846,0.08755493
0.583,0.430233,0.60422885,0.62750983,0.582,-0.12181091,-0.38005066,0.07157898
0.593,0.2307148,1.1563921,0.37591553,0.593,-0.19210815,-0.38963318,0.047088623
0.603,0.16383553,1.3993331,0.7881069,0.603,-0.26667786,-0.3406372,0.020446777
0.613,0.25123024,1.5387971,0.6607722,0.613,-0.3167572,-0.35021973,2.1362305E-4
0.623,0.11670494,1.4995394,0.46448636,0.623,-0.4083557,-0.39389038,-0.018966675
0.633,-0.30763626,0.9987165,0.5015523,0.633,-0.5021057,-0.3768463,-0.01576233
0.643,-0.17361736,0.019344449,1.5409302,0.642,-0.56495667,-0.30654907,0.018325806
0.653,0.2010479,-0.45355922,2.1899862,0.652,-0.5436554,-0.38323975,0.031097412
0.663,-0.026402473,-0.43563426,1.4855696,0.662,-0.4648285,-0.4226532,0.049209595
0.672,-0.06637001,-0.19684839,1.1068069,0.672,-0.44778442,-0.33210754,0.09715271
0.691,0.15367699,-0.046108663,1.4635359,0.692,-0.48719788,-0.2383728,0.16319275
0.692,0.3349123,0.16539317,1.7230734,0.69,-0.48399353,-0.25860596,0.1472168
0.702,0.18478203,0.12993509,1.7798015,0.702,-0.46801758,-0.22451782,0.15786743
0.712,0.038041115,0.32829952,1.9214088,0.711,-0.43286133,-0.1680603,0.16319275
0.722,0.020334244,0.43073535,1.5338204,0.721,-0.40090942,-0.14782715,0.14935303
0.732,-0.52184963,-0.37083197,1.6852039,0.731,-0.4136963,-0.12864685,0.12910461
0.742,-0.39913368,-0.5166006,2.394537,0.741,-0.41262817,-0.09988403,0.1237793
0.752,0.13695431,-0.19731277,1.7992295,0.751,-0.3753357,-0.16059875,0.08543396
0.761,-0.1529417,-0.52985454,1.5991701,0.761,-0.4136963,-0.2149353,0.05241394
0.771,-0.3992262,-0.9563455,2.5874052,0.771,-0.44778442,-0.19789124,0.06518555
0.781,-0.2345829,-1.0846039,2.7281103,0.781,-0.3795929,-0.15740967,0.06732178
0.791,-0.20093918,-1.1599113,2.250519,0.79,-0.2965088,-0.13290405,0.046020508
0.801,-0.30248547,-0.95453346,1.7554232,0.802,-0.26455688,-0.12757874,0.02897644
0.81,-0.3620367,-0.6739803,1.4137764,0.811,-0.27946472,-0.13183594,0.011932373
0.821,-0.45962334,-0.5587091,1.2078673,0.82,-0.3156891,-0.14143372,-0.0051116943
0.83,-0.53916645,-0.49602532,1.5034114,0.83,-0.33485413,-0.13397217,-0.011505127
0.84,-0.58553123,-0.6588789,1.9546438,0.84,-0.31141663,-0.09988403,-0.011505127
0.85,-0.7459011,-1.085366,2.25567,0.85,-0.25390625,-0.045547485,-0.00831604
0.86,-0.94921875,-1.4670787,2.2610607,0.859,-0.18252563,-0.014663696,0.0012817383
0.87,-1.1828327,-1.5566901,1.8677578,0.869,-0.11753845,-0.03277588,0.0023345947
0.88,-1.2823925,-1.4723363,1.0998209,0.879,-0.07279968,-0.10095215,0.0023345947
0.89,-1.060338,-1.5105715,0.43350816,0.889,-0.05256653,-0.20428467,-0.0061798096
0.9,-0.6952944,-1.7091247,0.34091997,0.899,-0.029129028,-0.3161316,-0.025360107
0.909,-0.050109863,-1.8621078,0.442636,0.909,0.037979126,-0.43437195,-0.049850464
0.918,1.0050545,-1.8753314,0.024529815,0.919,0.14131165,-0.5728607,-0.08074951
0.929,2.2255383,-1.6380696,-0.93837655,0.928,0.22120667,-0.69963074,-0.12123108
0.939,3.1990128,-1.153949,-1.5272146,0.939,0.22120667,-0.73690796,-0.16810608
0.949,3.5135136,-0.59245116,-1.5644804,0.949,0.18392944,-0.5994873,-0.22668457
0.959,2.7077055,-0.04449618,-1.3779291,0.958,0.1764679,-0.3480835,-0.2756958
0.969,1.4255724,0.75120056,-1.0354632,0.968,0.17114258,-0.15420532,-0.2565155
0.978,0.32454967,1.2408109,-0.75051177,0.978,0.15089417,-0.06259155,-0.20005798
0.988,-0.7335882,1.4765022,0.26907623,0.988,0.120010376,-0.022125244,-0.16596985
0.998,-1.8242254,2.1051996,1.6517973,0.997,0.12747192,-0.061538696,-0.17236328
1.014,-2.258152,2.4483666,2.6124754,1.014,0.19351196,-0.17871094,-0.19366455
1.017,-2.2005434,2.2459812,3.3670728,1.018,0.27233887,-0.3683319,-0.23414612
1.029,-1.452671,1.3923476,3.6570382,1.028,0.41934204,-0.5760498,-0.2607727
1.038,0.37833977,0.27345893,3.2258365,1.037,0.655838,-0.7262573,-0.27037048
1.047,2.8340435,-0.7060573,2.3404336,1.047,0.8869934,-0.8935089,-0.30445862
1.058,5.2695265,-0.8713916,1.4131384,1.057,0.98713684,-1.1747284,-0.3960724
1.067,7.423729,-1.2372301,2.1640372,1.067,0.960495,-1.388855,-0.5281677
1.077,8.75815,-1.7205703,4.089957,1.077,0.9658356,-1.2684784,-0.64001465
1.087,10.0603695,-1.206249,4.7699647,1.086,1.0137634,-0.90948486,-0.7401428
1.097,8.384891,0.06032449,4.003573,1.096,0.9839325,-0.54196167,-0.83602905
1.107,7.328141,1.00873,3.3701725,1.106,0.84013367,-0.34596252,-0.7859497
1.123,6.167836,2.0393646,3.7854095,1.123,0.69844055,-0.3725891,-0.74121094
1.126,5.31291,3.258592,3.5364122,1.126,0.69311523,-0.41307068,-0.71777344
1.137,4.5291653,4.269057,2.9624424,1.136,0.64198303,-0.5686035,-0.7209778
1.146,3.8023062,4.1297035,3.4410636,1.146,0.5194855,-0.67726135,-0.69007874
1.156,3.4049892,2.9026148,4.354989,1.156,0.42041016,-0.67193604,-0.59846497
1.166,2.14439,1.6558626,4.4712734,1.166,0.34477234,-0.70495605,-0.4706421
1.175,1.1210938,0.26796842,4.4952946,1.176,0.27340698,-0.65914917,-0.26930237
1.186,-0.36141682,-0.49871117,4.8478336,1.186,0.2276001,-0.5025482,-0.022155762
1.196,-1.9152966,-0.9037293,5.0321894,1.195,0.21588135,-0.22238159,0.25161743
1.206,-3.676155,-0.6890804,4.6733446,1.205,0.16049194,0.050323486,0.5019531
1.216,-5.2996435,-0.14431976,3.7396338,1.215,0.035858154,0.25804138,0.7182007
1.233,-6.8775063,0.634265,2.8281689,1.232,-0.12181091,0.42210388,0.850296
1.234,-8.304589,1.3364235,2.048463,1.235,-0.28160095,0.5893402,0.8747864
1.245,-9.515554,2.1333122,1.5353386,1.245,-0.43818665,0.7576599,0.79063416
1.255,-10.221972,2.8959067,1.6306536,1.255,-0.55856323,0.7842865,0.6244507
1.265,-10.455743,3.0615478,2.2611606,1.264,-0.5574951,0.5840149,0.4444275
1.275,-9.636346,2.1352868,2.7252438,1.274,-0.38386536,0.16537476,0.3006134
1.285,-9.026915,1.1140302,3.0461977,1.284,-0.09411621,-0.23730469,0.14935303
1.295,-9.018486,0.24932757,3.6552887,1.294,0.17114258,-0.4418335,0.020446777
1.305,-8.938171,-0.47129387,4.144893,1.304,0.32028198,-0.50149536,-0.032806396
1.314,-8.804649,-0.6343169,3.5869694,1.314,0.34265137,-0.5249176,-0.022155762
1.324,-7.8953466,-0.24808285,0.38032746,1.324,0.1999054,-0.55581665,0.022583008
1.346,-6.2411137,0.7742524,-3.7750587,1.346,-0.4648285,-0.40455627,0.09715271
1.346,-2.509038,1.6097642,-8.441118,1.345,-0.114349365,-0.48338318,0.0769043
1.354,4.1256294,2.6852472,-13.477098,1.353,-0.8738861,-0.6144104,-0.07435608
1.364,11.349807,5.967351,-11.8107605,1.363,-1.2669678,-1.1917725,-0.60806274
1.374,15.511385,6.6666684,2.4909313,1.373,-0.62034607,-1.4165497,-1.2866211
1.384,12.721941,-2.7930257,11.774099,1.383,1.6497345,0.15470886,-1.4560089
1.393,-0.22435665,-8.645299,6.4238253,1.393,1.9458771,0.9749756,-0.45892334
1.403,-2.9821253,-4.9946456,-2.6523867,1.403,-0.9718933,-0.3161316,1.361618
1.412,4.574625,-2.5882308,2.3261652,1.413,-2.2970734,-0.8977661,2.5312805
1.422,10.854981,-1.255114,3.8468666,1.423,-1.222229,-0.814682,2.378952
1.432,14.492725,1.6328924,-0.781404,1.432,0.022003174,-0.73265076,1.5597534
1.454,13.856615,5.6176977,-2.1113331,1.453,0.14237976,-0.8690033,0.8758545
1.452,14.270342,5.423023,-4.0366497,1.453,-0.6693573,-0.990448,0.9802551
1.463,16.785109,2.2099297,4.0148454,1.462,-1.3788147,-0.47911072,1.5278015
1.472,17.452032,-1.2309542,8.549134,1.471,-1.3692322,0.35391235,1.6322021
1.482,14.303642,-3.937231,7.7964487,1.482,-0.8834686,0.8066559,1.4223328
1.491,10.627649,-5.9652343,6.102029,1.492,-0.40090942,0.7342224,1.1698761
1.502,7.9462376,-6.586848,4.4783077,1.501,0.007095337,0.3816223,0.8982239
1.512,6.275117,-5.969433,1.965049,1.511,0.31282043,0.32089233,0.61805725
1.522,4.7729845,-5.1643376,1.915456,1.521,0.4981842,0.64793396,0.35388184
1.532,2.9592066,-4.498221,2.383202,1.531,0.7197571,1.1027985,0.060928345
1.542,0.25532627,-2.8708067,3.7326937,1.541,0.9935303,1.6439514,-0.32043457
1.56,-3.5709782,-0.42350996,4.34599,1.559,1.3141632,1.9677887,-0.6879425
1.561,-8.281116,1.5990897,2.6488726,1.56,1.5346832,1.9805756,-0.91911316
1.571,-11.480693,1.8699882,0.45201707,1.571,1.6017914,2.0583496,-0.9766388
1.581,-13.705365,2.0948086,-0.68436134,1.58,1.5400085,2.1446228,-1.0235138
1.591,-15.833266,3.143233,-2.2194378,1.59,1.3141632,1.877243,-1.0160522
1.601,-16.11353,3.2838607,-3.9546852,1.6,0.878479,1.2647247,-0.8658447
1.611,-13.92336,1.4244428,-5.944741,1.61,0.3298645,0.51690674,-0.59420776
1.62,-11.280691,-0.30747986,-5.698069,1.62,-0.18466187,-0.031707764,-0.30125427
1.63,-8.953138,0.068645895,-3.648284,1.629,-0.6320648,-0.4429016,-0.01789856
1.64,-6.2703924,1.1673589,-1.7128562,1.64,-0.89411926,-0.48443604,0.17279053
1.65,-4.7760077,3.1855474,2.3767536,1.65,-0.7854614,0.24206543,0.21006775
1.66,-5.2388735,3.0916696,6.477602,1.659,-0.38172913,0.9089203,0.29315186
1.672,-7.3634567,1.6344699,6.2991867,1.671,-0.011016846,0.9803009,0.35494995
1.68,-8.669117,1.6198024,2.8547819,1.679,0.19670105,0.9291687,0.32618713
1.689,-7.4752445,1.0138099,-2.2251675,1.69,0.39057922,1.0814972,0.22924805
1.699,-4.3545465,-0.75306,-7.5444217,1.699,0.5354614,1.2934875,0.12591553
1.709,0.45435524,-2.0548863,-11.377621,1.709,0.44810486,1.192276,0.15040588
1.719,4.554984,-2.0951028,-12.611721,1.718,0.04118347,0.618103,0.43270874
1.729,9.462993,-0.6629751,-7.6615367,1.728,-0.60118103,0.106781006,0.7735901
1.739,14.969411,1.7585968,3.9907823,1.738,-0.94525146,0.09185791,0.4774475
1.749,18.224712,3.466967,14.348537,1.748,-0.5340576,-0.071121216,-0.30445862
1.758,17.772156,-0.019510627,11.746538,1.758,0.16368103,-0.5483551,-0.8647766
1.768,15.427699,-2.5590925,6.291277,1.768,0.5940552,-0.720932,-1.156662
1.784,10.959872,-0.9587723,2.4817078,1.784,0.89871216,-0.87965393,-1.4059448
1.788,7.5719423,0.6137794,-0.1479609,1.787,0.92640686,-1.0500946,-1.522049
1.798,5.6143036,1.2641392,0.53117085,1.798,0.63453674,-1.1246643,-1.4879608
1.807,7.3177834,-0.14833844,3.9957638,1.808,0.33306885,-1.0682068,-1.2930145
1.817,10.257546,-1.3223661,5.381557,1.818,0.31175232,-1.0277252,-1.2322998
1.828,11.1740465,-1.1227747,1.6192687,1.827,0.38206482,-0.9382477,-1.2216492
1.838,8.857329,0.7996873,-1.1107707,1.837,0.1849823,-0.5249176,-1.0852966
1.848,4.811816,4.243068,-0.7413764,1.847,-0.23791504,-0.092422485,-0.7571869
1.858,1.4131584,6.892563,0.88306475,1.857,-0.6949158,0.0034484863,-0.3023224
1.867,-0.82120895,7.8297906,1.6139009,1.867,-1.062439,-0.059402466,0.10461426
1.877,-3.016818,7.020293,1.2597618,1.876,-1.3660278,-0.04875183,0.39115906
1.892,-4.596779,4.2631936,0.68776715,1.892,-1.5535278,0.31770325,0.51686096
1.897,-6.66045,1.6463778,-0.33519733,1.896,-1.5662994,1.0612488,0.37625122
1.906,-10.15845,-0.14535744,-1.123799,1.907,-1.4491272,1.8900299,0.1429596
1.917,-13.38473,-1.9444066,-0.6321713,1.916,-1.2786865,2.3012238,0.058807373
1.926,-15.054419,-3.8086426,-0.6043222,1.926,-1.0986481,1.8314362,0.21006775
1.937,-14.517946,-5.674514,-2.6881158,1.936,-0.8973236,0.8769684,0.49342346
1.946,-13.601439,-5.9275985,-5.311669,1.946,-0.6927948,0.2037201,0.7213898
1.958,-10.640222,-2.250883,-4.514746,1.955,-0.46376038,0.26550293,0.803421
1.966,-5.670141,0.94651866,-1.2983019,1.965,-0.20489502,0.3848114,0.68304443
1.976,-2.4135284,2.06784,-0.71315306,1.975,0.06248474,0.5062561,0.21006775
1.985,-2.5527487,2.2923245,-0.25956482,1.985,0.18711853,0.8354187,-0.38967896
1.998,-4.8670015,1.3573596,-0.0043456554,1.997,0.042251587,0.82051086,-0.7209778
2.004,-7.5406094,0.3252712,1.1624465,2.005,-0.26667786,0.7523346,-0.8019409
2.015,-10.333105,-1.3510166,3.2782373,2.015,-0.34657288,0.8119812,-0.7518616
2.03,-13.748193,-3.9319732,2.906852,2.03,-0.08558655,0.89826965,-0.549469
2.035,-13.755413,-5.0530653,-2.0190494,2.035,0.11042786,0.88868713,-0.15957642
2.045,-9.670876,-3.306214,-8.066904,2.045,-0.013153076,0.8322296,0.17279053
2.055,-3.5334082,-1.90546,-13.583677,2.054,-0.26774597,0.49346924,0.3666687
2.065,5.7498217,0.12892362,-14.9576025,2.064,-0.53619385,-0.46846008,0.36772156
2.075,15.681329,6.588501,-7.478875,2.074,-0.58413696,-2.5116425,-0.12762451
2.085,17.763046,10.063524,2.8231122,2.084,0.4225464,-4.1819763,-1.0075226
2.094,19.986927,-1.1768997,4.8083124,2.094,2.0364227,-0.7241211,-1.0021973
2.108,17.271418,-3.7575512,10.539645,2.108,0.015609741,1.3094635,0.56373596
2.114,14.455245,-0.29298848,6.909647,2.114,-2.6773682,-0.910553,2.318222
2.124,16.479544,-1.5570003,4.0445776,2.124,-2.271515,-1.4474487,2.5525818
2.134,17.822159,-4.2479377,1.2665153,2.133,-0.7748108,-0.86686707,1.6918488
2.144,13.3799,-1.5499134,0.0742718,2.143,-0.036590576,-0.6634064,0.6255188
2.154,7.3309555,2.1739802,2.9867263,2.153,-0.21981812,-0.7656708,0.3240509
2.164,5.597126,1.4903162,7.567622,2.163,-0.39770508,-0.545166,0.48490906
2.174,5.337682,-2.0355732,8.199877,2.173,-0.12713623,-0.51426697,0.5040741
2.183,4.785577,-5.784221,4.9860487,2.183,0.38632202,-0.29589844,0.41352844
2.193,3.9237862,-7.3121147,3.2711592,2.193,0.74531555,0.26657104,0.33151245
2.203,1.409893,-6.929582,3.0495317,2.202,1.0489197,0.85032654,0.09715271
2.217,-3.1346292,-4.4680514,2.6116781,2.218,1.372757,1.2317047,-0.1968689
2.223,-7.4524097,-1.1253011,1.2208102,2.222,1.6358795,1.4703217,-0.24586487
2.233,-9.66614,0.5504563,-0.17365026,2.232,1.7605133,1.7590027,-0.15638733
2.242,-11.121541,0.8267778,-1.1104922,2.242,1.7285614,1.9667358,-0.24267578
2.252,-13.389305,1.2512926,-2.0450668,2.252,1.6028595,1.9795074,-0.4994049
2.262,-17.381481,2.369348,-1.9081874,2.262,1.4494629,1.7547455,-0.7529297
2.272,-16.198116,1.6103334,-4.570939,2.272,1.290741,1.0111847,-0.7316284
2.282,-10.822524,-1.1418376,-8.488509,2.282,1.0563812,0.03327942,-0.6048584
2.292,-9.238765,-2.5663548,-9.669911,2.291,0.83799744,-0.6985626,-0.51538086
2.302,-9.459242,-2.5610008,-8.824402,2.301,0.74957275,-0.753952,-0.1499939
2.311,-7.048379,-1.3981345,-6.633307,2.312,0.6036377,-0.11053467,0.42417908
2.329,-4.207325,2.8136616,-0.79815936,2.328,0.12319946,0.664978,0.8247223
2.331,-2.894146,6.801677,7.239067,2.331,-0.33592224,0.887619,0.93444824
2.341,-2.8349638,6.236904,8.37706,2.341,-0.116485596,0.713974,0.6862335
2.351,-5.327628,4.9523134,3.1423202,2.351,0.5109558,1.0569916,0.082229614
2.361,-6.479949,2.6805665,-3.584834,2.36,1.0095062,1.5683136,-0.40672302
2.371,-5.261792,-1.2316048,-10.947158,2.371,1.4558563,1.4894867,-0.4290924
2.381,-1.9684515,-5.0105343,-18.579002,2.38,1.1991272,0.8833618,0.035369873
2.391,2.841445,-6.9393315,-20.305216,2.39,-0.27627563,0.14833069,0.8449707
2.401,12.298977,-1.3562884,-7.88197,2.4,-2.0456696,-0.5345154,1.5065002
2.41,18.105804,7.8119183,7.593843,2.411,-2.2043915,-0.3480835,0.9088745
2.419,19.56675,8.608234,18.63002,2.42,-1.0645599,0.19519043,-0.022155762
2.437,15.998683,-0.18463796,11.818058,2.437,-0.35084534,-0.6133423,-0.6282959
2.44,9.9231205,-3.3118725,3.075555,2.439,0.104034424,-1.2482452,-1.0927582
2.45,6.8983927,-2.3504474,-2.3106627,2.45,0.47686768,-1.548645,-1.1960754
2.46,4.3339386,-0.5260825,-1.8362341,2.459,0.26275635,-2.0525055,-1.0863647
2.47,5.0188656,-1.0220747,1.5021684,2.469,-0.11116028,-2.651184,-0.758255
2.479,8.918556,-3.2550604,2.9238253,2.479,-0.33805847,-2.6831512,-0.4802246
2.49,13.665508,-2.73204,7.701208,2.489,-0.33273315,-1.9353333,-0.46743774
2.499,14.738722,-0.04607445,6.6060333,2.499,0.07846069,-1.4229431,-0.5867462
2.509,10.9795265,2.9577742,-0.12618482,2.509,0.29045105,-1.0437012,-0.5867462
2.518,6.4243383,5.611244,-1.9832939,2.519,-0.11328125,-0.48124695,-0.36943054
2.528,2.6744947,6.3584347,1.544675,2.529,-0.70770264,0.07481384,-0.058380127
2.539,0.73694515,6.2501273,2.749122,2.538,-1.1274109,0.26550293,0.17279053
2.549,-2.1175385,5.831148,1.1971142,2.55,-1.4011841,0.50198364,0.19088745
2.558,-5.385848,4.365115,1.1651194,2.558,-1.5993347,1.0825653,0.08543396
2.568,-8.596487,2.7276294,0.32108694,2.568,-1.7122498,1.5683136,-0.096725464
2.579,-11.69494,1.0129573,-0.7170449,2.578,-1.7367401,1.9113312,-0.25439453
2.588,-14.143115,-0.6070546,-1.4850352,2.589,-1.5471344,2.2373047,-0.27676392
2.598,-16.278084,-3.0580676,-1.3351073,2.598,-1.1391296,2.432251,-0.12548828
2.608,-18.263594,-5.4820824,-0.41667908,2.607,-0.6278076,2.0903015,0.031097412
2.618,-16.811394,-5.7339897,-4.726012,2.617,-0.1292572,1.1315613,0.2409668
2.628,-12.867576,-4.631021,-10.3680935,2.627,0.09550476,0.36457825,0.48597717
2.638,-9.157604,-2.7620215,-11.306688,2.637,-0.14950562,-0.2607422,0.6212616
2.647,-5.7523527,-1.0620172,-8.618529,2.647,-0.6128998,-1.0820618,0.5520172
2.657,-3.4449244,1.7058393,-4.1027446,2.658,-0.88986206,-1.7830048,0.16851807
2.667,0.022072792,5.583805,3.1831448,2.667,-0.7226105,-1.7062988,-0.38754272
2.677,2.5890741,4.7882233,8.016898,2.676,-0.0738678,-0.36512756,-0.9638519
2.687,-2.4078684,-0.32643726,0.27876252,2.687,0.32028198,0.6457977,-1.2067413
2.697,-5.5261927,-1.7089155,-10.126689,2.696,-0.22193909,1.1645813,-0.99261475
2.707,-4.8986864,-1.1852846,-8.084376,2.706,-0.85684204,1.5906982,-0.8328247
2.717,-2.146141,-2.1059055,-1.8656433,2.717,-0.6128998,1.1560669,-0.73695374
2.727,-0.6522646,-3.627158,0.5654485,2.726,0.26062012,0.20904541,-0.9127197
2.737,-2.0118265,-4.8779063,1.4338946,2.736,0.96902466,-0.60375977,-1.0522766
2.746,2.4127293,-7.442301,0.5728023,2.746,1.196991,-1.2045593,-0.63575745
2.756,11.275607,-5.649744,-1.9500457,2.755,0.95944214,-1.5102997,-0.056243896
2.769,15.568381,2.54409,-1.3372227,2.769,0.43852234,-1.3505096,0.3464203
2.776,16.654083,7.471082,0.3241889,2.775,0.096572876,-0.93611145,0.64682007
2.786,15.661918,6.9497895,1.5322528,2.785,-0.23365784,-1.0543671,0.8684082
2.796,14.884052,3.4082766,2.9577928,2.795,-0.5287323,-1.4399872,1.1315155
2.806,15.432277,-0.29673702,3.0998716,2.805,-0.50743103,-1.34198,1.2274017
2.816,15.167282,-2.9873192,3.5053241,2.815,-0.3156891,-0.7986908,0.98239136
2.826,12.357898,-4.328861,3.627723,2.825,-0.20489502,-0.2884369,0.643631
2.835,8.9527,-5.88901,4.310015,2.835,-0.14204407,0.09718323,0.5221863
2.845,6.7896433,-7.353947,5.1299124,2.845,0.06674194,0.2591095,0.5179291
2.855,4.648037,-7.508488,5.337665,2.854,0.43000793,0.22183228,0.4454956
2.865,2.5461044,-6.4867883,4.82969,2.864,0.84757996,0.235672,0.3155365
2.879,-0.33463287,-4.7622323,3.8397033,2.878,1.1692963,0.42315674,0.15254211
2.885,-3.9420586,-2.473524,2.5024378,2.884,1.3770142,0.68948364,0.06625366
2.894,-7.2182617,-0.20227134,0.9800627,2.894,1.5091095,1.0250397,0.05027771
2.905,-9.1086855,1.4604179,0.06376821,2.904,1.5687714,1.2966766,-0.037078857
2.914,-10.635807,2.6182942,-1.1904235,2.914,1.5421295,1.352066,-0.2980652
2.924,-13.114043,3.9854183,-3.2796402,2.924,1.452652,1.4309082,-0.64108276
2.934,-16.885752,5.181472,-3.3145707,2.933,1.3067169,1.6098633,-0.83921814
2.944,-16.51585,3.2464118,-4.3375316,2.943,1.1650391,1.3510132,-0.7827606
2.954,-10.987787,-1.4644953,-5.6211967,2.953,1.0318756,0.5946655,-0.6794281
2.964,-9.593693,-3.1046286,-6.9596467,2.963,0.8124237,-0.49082947,-0.60806274
2.973,-9.182753,-3.2423558,-7.9854655,2.973,0.5439911,-0.7220001,-0.24053955
2.987,-5.734623,-2.0759184,-4.566487,2.986,0.23718262,0.14619446,0.31126404
2.993,-1.7848091,1.6909659,2.2068336,2.993,-0.07173157,0.7576599,0.7427063
3.002,-1.8212671,4.8524756,6.754504,3.003,-0.15802002,0.7427368,0.7735901
3.013,-4.8337574,3.2752066,5.337591,3.012,0.19670105,0.8822937,0.5221863
3.023,-8.051896,1.8252184,0.5290732,3.022,0.6835327,1.3009338,0.1663971
3.032,-9.055441,1.7389,-3.7740397,3.032,0.8497162,1.5299683,-0.1031189
3.042,-7.220168,-0.9797058,-8.71507,3.042,1.2364044,1.3904266,0.0012817383
3.052,-3.3564453,-6.100716,-16.035183,3.052,1.612442,0.8130493,0.48277283
3.062,0.4212818,-10.658405,-22.555626,3.062,0.8507843,-0.019989014,1.1261902
3.071,9.033282,-5.0152206,-15.002128,3.072,-1.1742859,-0.35980225,1.7163544
3.081,18.75404,8.521375,4.497279,3.082,-2.3418121,0.24526978,1.3222046
3.098,23.610207,16.34867,24.09426,3.099,-1.431015,0.76831055,0.23457336
3.101,18.609522,5.891775,12.223758,3.101,-0.049362183,-0.14569092,-0.5398712
3.112,9.260452,-1.9942094,-0.4096104,3.111,0.34797668,-0.86686707,-1.0671844
3.122,5.5862055,-2.5462716,-0.2871374,3.121,0.3490448,-1.388855,-1.0842285
3.131,3.6231308,-2.0929475,1.1733372,3.131,0.41082764,-1.9662323,-0.8647766
3.141,2.9949865,-2.9564066,1.7593077,3.141,0.24996948,-2.521225,-0.5760956
3.151,6.048051,-4.4564896,2.2225554,3.151,-0.13458252,-2.6820831,-0.26397705
3.161,10.497468,-4.9182773,5.506338,3.161,-0.36149597,-2.2517242,-0.21496582
3.171,12.704657,-2.9161422,6.882882,3.17,-0.069610596,-1.7957916,-0.38008118
3.181,12.340693,0.110296786,3.2079434,3.18,0.39804077,-1.4719391,-0.5217743
3.191,8.663794,3.4958994,-0.47675878,3.19,0.40124512,-0.99256897,-0.5366821
3.2,4.363962,5.921432,0.3047154,3.2,-0.04298401,-0.2841797,-0.33961487
3.213,2.630518,6.78982,2.437468,3.213,-0.57774353,0.23355103,-0.04347229
3.219,0.009691238,7.388444,2.324871,3.22,-0.96229553,0.5744324,0.107803345
3.229,-2.9303665,7.368645,0.051830053,3.23,-1.22435,1.0101166,0.17811584
3.239,-6.2305775,5.9348826,-1.6201795,3.24,-1.5418091,1.4362335,0.16532898
3.249,-8.954435,3.2573736,-1.8621743,3.25,-1.7580566,1.8037415,0.072647095
3.259,-11.672259,0.87656665,-2.2799854,3.259,-1.6898804,2.226654,-0.0796814
3.27,-14.51125,-1.0996116,-2.5951588,3.269,-1.3404694,2.702835,-0.14146423
3.279,-17.186596,-4.434741,-0.5561228,3.279,-0.76097107,2.9371796,-0.0061798096
3.289,-18.132221,-7.1555586,-0.6187313,3.289,-0.13458252,2.1148071,0.11312866
3.299,-14.300793,-7.613153,-8.940498,3.298,0.31707764,0.8300934,0.28356934
3.309,-9.475838,-6.3690186,-14.9139595,3.308,0.2510376,0.16430664,0.40075684
3.324,-6.5078745,-3.4404185,-12.003709,3.323,-0.3391266,-0.48231506,0.34855652
3.328,-6.320467,-0.2983282,-5.2324533,3.329,-0.8536377,-1.5475769,0.11631775
3.339,-4.5163584,2.8031752,1.4528892,3.338,-0.78652954,-2.3252258,-0.21603394
3.349,-0.72866726,5.1669755,9.1204815,3.348,-0.21661377,-1.8873901,-0.71777344
3.358,-1.1247272,0.50483966,9.695375,3.358,0.6515808,-0.1446228,-1.1225739
3.368,-6.4878407,-4.1916356,-0.07234478,3.368,0.8017731,0.89508057,-0.9574585
3.378,-5.6932106,-3.6411471,-10.210226,3.378,0.13066101,1.4277039,-0.5814209
3.388,-1.7756863,-0.43625748,-15.365229,3.388,-0.5202179,1.7579346,-0.53775024
3.398,2.177887,2.3063257,-10.419556,3.397,-0.71195984,1.4010773,-0.57077026
3.408,5.5696135,4.74985,-0.37102252,3.407,-0.13885498,-0.29483032,-0.7401428
3.418,3.2942848,1.1107854,4.8487844,3.417,1.1394653,-2.585144,-0.96598816
3.432,8.108632,-8.691041,0.3621256,3.432,2.0651855,-2.630951,-0.5068512
3.437,19.209602,-7.5559783,0.45182252,3.437,0.91682434,-0.43011475,0.46147156
3.448,16.792374,1.3989768,2.913227,3.447,-1.0837402,-0.07858276,1.3381805
3.457,13.819224,3.552699,2.384621,3.457,-1.2946625,-0.53131104,1.6076965
3.467,12.8322115,3.1117,4.7002826,3.466,-0.49038696,-0.6666107,1.1293945
3.477,10.9714,2.119523,3.850228,3.476,0.05290222,-1.5188141,0.64149475
3.487,9.350213,1.7656776,1.3079227,3.487,0.0134887695,-2.0621033,0.46040344
3.497,9.307104,1.312511,1.7106738,3.496,-0.23791504,-1.56781,0.48384094
3.506,9.68816,-0.8940986,5.5267043,3.507,-0.347641,-0.6751251,0.58184814
3.516,9.579696,-4.560754,6.9980855,3.516,-0.15483093,-0.18084717,0.6255188
3.526,8.069505,-7.398263,5.4358606,3.527,0.22653198,0.046051025,0.54776
3.542,6.318115,-8.315269,4.618257,3.543,0.59617615,0.20051575,0.35494995
3.546,2.7505484,-6.7479086,4.024547,3.546,0.9434509,0.54460144,0.042816162
3.557,-1.6798544,-3.811815,2.950846,3.556,1.20018,1.000534,-0.12869263
3.566,-5.6274376,-1.5268483,1.8022343,3.566,1.3290863,1.3552704,-0.14253235
3.576,-8.758824,-0.13178968,0.17121747,3.575,1.3844757,1.5065308,-0.2096405
3.586,-10.894379,0.57664734,-1.8213018,3.585,1.3589172,1.4692535,-0.38754272
3.596,-12.844073,1.3691046,-4.4538417,3.595,1.2225647,1.3936157,-0.6059265
3.606,-16.531105,3.0381532,-5.345208,3.605,1.0158997,1.574707,-0.7774353
3.616,-18.644066,4.742941,-4.8315034,3.615,0.7804718,1.5459442,-0.73269653
3.625,-13.593944,3.3091888,-6.6164274,3.625,0.54078674,0.85565186,-0.40779114
3.635,-8.405135,0.4146273,-6.359601,3.635,0.2041626,-0.19468689,-0.26290894
3.645,-9.047329,-0.006566435,-6.347374,3.645,-0.102630615,-1.1299896,-0.1457367
3.657,-6.3472166,-0.6735504,-5.236249,3.657,-0.28372192,-0.69003296,0.31658936
3.665,-0.164958,-0.3064997,3.3742554,3.664,-0.60757446,0.3805542,0.7554779
3.675,-0.8444662,1.3748298,8.950265,3.674,-0.61395264,0.711853,0.6990204
3.685,-6.109046,0.8762918,5.448547,3.684,0.108291626,1.1273041,0.33258057
3.695,-8.766084,0.8524394,-1.2521276,3.694,0.76556396,1.508667,0.011932373
3.704,-8.352229,0.68658376,-7.334839,3.704,1.0254822,1.4095917,0.019378662
3.714,-5.1185913,-3.361103,-13.18008,3.714,1.3205566,1.0133209,0.40394592
3.724,-2.2705479,-8.08864,-17.189533,3.723,1.2044525,0.33581543,0.93444824
3.734,0.50661373,-7.4120107,-15.550117,3.733,0.03265381,-0.6634064,1.424469
3.744,8.774647,2.2315774,-2.640616,3.743,-1.3766937,-0.85728455,1.5491028
3.754,18.668314,11.05127,15.800013,3.753,-1.6525879,-0.5856476,0.9227295
3.768,22.036674,7.3779297,9.534769,3.767,-0.79185486,-0.65808105,0.20048523
3.774,18.300043,0.43320084,1.4787766,3.773,-0.04724121,-0.14569092,-0.3545227
3.783,10.275633,-1.2763437,1.7795081,3.783,0.33200073,-0.106277466,-0.84347534
3.793,6.0054207,-1.4471734,2.1742735,3.793,0.38632202,-0.9893799,-0.9244385
3.803,4.320154,-2.0377445,0.78750324,3.803,0.2084198,-1.724411,-0.76464844
3.813,5.139124,-2.0325208,1.4883087,3.812,-0.041915894,-1.7936554,-0.5526581
3.823,6.5246906,-1.7567389,4.0899825,3.822,-0.17401123,-1.6125641,-0.46318054
3.832,7.6824074,-0.80263954,4.256183,3.832,-0.090911865,-1.5699463,-0.48980713
3.843,8.141697,0.06617999,2.2966473,3.842,-0.0014343262,-1.7435913,-0.5047302
3.852,8.065265,0.4037576,0.708832,3.852,0.022003174,-1.5965729,-0.41311646
3.862,7.342128,1.3940837,1.8691251,3.862,-0.10583496,-0.9212036,-0.27249146
3.879,5.8955307,3.6808069,3.9779096,3.879,-0.3710785,-0.28204346,-0.19047546
3.882,3.1022167,6.1427994,3.095161,3.882,-0.62461853,0.12915039,-0.15745544
3.892,-0.92795086,7.1290426,0.872612,3.891,-0.8994446,0.5371399,-0.11909485
3.902,-4.2676888,5.7344437,-0.0058820248,3.901,-1.1977234,0.9845581,-0.075424194
3.912,-6.9638767,3.2768445,-0.8785539,3.911,-1.3969269,1.3062592,-0.17662048
3.922,-10.606234,1.2494171,-1.7692702,3.921,-1.3905334,1.6748505,-0.3353424
3.931,-13.249949,-0.4234984,-2.6179783,3.931,-1.1636353,2.083908,-0.3076477
3.941,-14.832237,-2.406301,-2.8608508,3.941,-0.7897339,2.3438263,-0.10205078
3.951,-16.829498,-5.090725,-1.5606129,3.951,-0.28372192,2.2682037,0.12910461
3.961,-16.46458,-6.396128,-3.9465046,3.961,0.16581726,1.3861542,0.2963562
3.971,-12.615084,-6.2115755,-10.619524,3.97,0.39485168,0.46470642,0.51686096
3.981,-8.478355,-4.7049737,-12.220579,3.98,0.18925476,-0.03916931,0.65534973
3.998,-6.354577,-2.2098775,-8.392095,3.999,-0.30397034,-0.8700714,0.5743866
4.008,-5.3891535,0.8899636,-3.329051,4.001,-0.55430603,-1.6849976,0.31233215
4.011,-2.873478,4.4484415,3.4623008,4.01,-0.36254883,-1.7808685,-0.07221985
4.02,0.28187752,4.847662,5.937684,4.02,0.14024353,-0.88072205,-0.54093933
4.03,-2.9093924,1.4827969,3.48011,4.03,0.48114014,0.50198364,-0.9255066
4.04,-9.736045,-1.5110946,0.37090552,4.04,0.22013855,1.2604523,-0.77423096
4.05,-10.343984,-1.8663967,-2.8904543,4.05,-0.24537659,1.6759186,-0.36730957
4.06,-5.6131353,-0.18120643,-11.067619,4.059,-0.6128998,1.7377014,-0.20005798
4.07,-0.16721344,1.1337134,-14.022492,4.069,-0.98147583,1.3808289,-0.24160767
4.079,8.046287,3.6526248,-6.71842,4.079,-0.966568,-0.16166687,-0.38861084
4.089,9.55091,5.265012,0.22629932,4.089,-0.13565063,-3.286087,-0.93829346
4.102,7.0739956,-1.8868363,1.2394806,4.101,1.3141632,-5.208893,-1.1087341
4.109,23.014587,-14.959654,2.818195,4.108,1.8446655,-1.5624847,-0.16383362
4.119,28.00797,-7.825724,10.231817,4.118,-0.48399353,0.77682495,1.2625427
4.129,20.114086,0.7474344,7.3201766,4.129,-1.8379517,-1.1086884,2.015686
4.138,17.356136,0.1967937,4.0331826,4.138,-0.5894623,-0.72732544,1.4606934
4.149,13.586694,0.49641597,1.9518194,4.148,0.57380676,-0.1638031,0.4529419
4.159,6.512848,2.583846,0.5596252,4.158,0.50883484,-0.8402405,-0.11164856
4.169,1.9474964,3.4301198,2.7426963,4.168,0.057159424,-1.3036346,-0.036010742
4.177,2.7859306,0.6165683,3.5743093,4.178,0.014541626,-0.72946167,0.2217865
4.187,4.779644,-3.5296323,4.6256227,4.188,0.11254883,-0.23623657,0.41459656
4.198,5.5859175,-7.6176233,3.938695,4.198,0.27233887,-0.0040130615,0.6500244
4.214,5.5200853,-9.5665655,4.012402,4.215,0.51309204,0.32621765,0.7757263
4.218,3.0903225,-7.8296022,5.332674,4.218,0.831604,0.63835144,0.54455566
4.227,-1.2266836,-2.5423515,5.009175,4.228,1.1842041,0.8780365,0.27931213
4.237,-4.5771856,1.2664857,3.1956716,4.237,1.4313507,1.2327576,0.15679932
4.248,-6.780505,1.9922838,0.50153553,4.247,1.4984589,1.4649963,-0.112701416
4.257,-8.931175,2.1015658,-2.32326,4.257,1.3972626,1.5075989,-0.5782318
4.267,-12.120899,2.4434085,-5.243092,4.267,1.1959229,1.5459442,-1.0149841
4.277,-16.25147,3.2462878,-6.657177,4.277,0.97753906,1.9038849,-1.2067413
4.287,-19.429739,3.9009304,-5.1494594,4.286,0.7037811,2.0231934,-1.1577301
4.297,-16.116922,1.716336,-5.959382,4.296,0.46728516,1.2924194,-0.8370819
4.307,-10.4517,-1.4025122,-6.8347626,4.306,0.34690857,0.1802826,-0.45359802
4.317,-9.524874,-1.7653708,-6.835328,4.316,0.22441101,-1.0202789,-0.1499939
4.332,-9.187332,-0.8544302,-7.3374076,4.331,0.106155396,-1.5188141,0.25801086
4.336,-4.201545,0.8252783,-2.9545698,4.336,-0.30503845,-0.55688477,0.6681366
4.346,1.5255585,1.5378504,14.638058,4.346,-0.8025055,0.8631134,0.75442505
4.356,-3.7573166,-0.17563629,13.844835,4.356,-0.24963379,0.7565918,0.34962463
4.366,-8.635822,0.5211971,1.8284525,4.366,0.8550415,1.093216,-0.07435608
4.376,-8.359598,0.5839355,-6.2444553,4.375,1.450531,1.3392944,-0.14466858
4.386,-4.6640034,-3.1358163,-13.876957,4.385,1.818039,0.9291687,0.28250122
4.396,0.12710476,-8.561247,-21.978605,4.395,1.6390686,0.11317444,0.993042
4.406,7.101963,-8.46331,-24.762438,4.405,0.06248474,-0.990448,1.7525635
4.416,15.710029,3.0687737,-12.486286,4.415,-2.036087,-0.7731323,1.7493744
4.425,24.226624,17.723066,18.790306,4.425,-2.3940125,1.2732391,0.67985535
4.438,23.217484,15.502473,25.68456,4.439,-0.7886658,0.84394836,-0.41311646
4.445,11.474271,1.976558,2.3063688,4.444,0.43959045,-0.7635498,-0.9723816
4.455,5.134061,-2.9625475,-3.9651232,4.454,0.44810486,-1.0884552,-1.0341644
4.465,3.4341192,-4.950491,-0.51840734,4.464,0.18286133,-1.550766,-0.79447937
4.475,3.7389288,-5.77966,2.699008,4.474,0.09017944,-2.2591705,-0.535614
4.485,5.08733,-6.8284316,2.8003738,4.484,0.05822754,-2.7033844,-0.39179993
4.494,7.1805468,-6.327914,3.4356751,4.494,-0.069610596,-2.424286,-0.3779602
4.504,9.68658,-4.058844,5.42001,4.504,-0.037643433,-1.9225464,-0.37475586
4.514,11.040393,-0.913449,3.990683,4.514,0.18818665,-1.7840729,-0.36624146
4.524,9.464358,2.672197,1.178472,4.523,0.30003357,-1.3792725,-0.37049866
4.534,6.671648,6.4967566,0.92648315,4.533,0.104034424,-0.6144104,-0.29380798
4.546,3.8442297,9.106959,1.0065975,4.547,-0.31248474,0.09931946,-0.1350708
4.554,0.7780676,9.965484,1.25017,4.553,-0.8461914,0.6298218,2.1362305E-4
4.563,-2.5250816,8.647934,1.0751945,4.563,-1.3543243,0.9046631,0.09927368
4.574,-5.0363197,5.515652,0.24736941,4.573,-1.7591248,0.9983978,0.07797241
4.583,-7.874407,2.7520607,-0.74952114,4.583,-1.9444733,1.2103882,-0.10525513
4.593,-11.025258,0.8010344,-1.7365742,4.593,-1.7601776,1.8026733,-0.29380798
4.603,-13.924756,-0.93243855,-2.2150974,4.603,-1.3191681,2.4034882,-0.3065796
4.612,-16.70161,-3.7287138,-1.1306179,4.613,-0.7151642,2.702835,-0.07861328
4.622,-18.051435,-6.5590124,-0.30488604,4.623,-0.090911865,2.1020203,0.15040588
4.632,-15.468589,-7.119256,-6.8494916,4.633,0.34371948,0.8311615,0.31765747
4.642,-10.482656,-7.2605605,-12.307618,4.643,0.43426514,0.104644775,0.51260376
4.655,-7.1947937,-5.6505575,-11.599058,4.655,0.092315674,-0.53344727,0.5786438
4.662,-5.900364,-2.5110602,-6.9603806,4.662,-0.40730286,-1.3782043,0.4401703
4.671,-3.5901508,1.8253641,1.2890801,4.672,-0.5521698,-1.8522491,0.10887146
4.682,1.1260366,5.514702,8.548427,4.682,-0.07600403,-1.1097565,-0.40246582
4.691,0.77352047,2.3354223,8.833358,4.692,0.7304077,0.69906616,-0.9265747
4.702,-4.646285,-2.161397,-3.2716153,4.701,0.7794037,1.3158569,-0.93722534
4.712,-2.9885654,-2.262681,-15.586,4.711,-0.057891846,1.5012054,-0.8690491
4.722,-1.28473,0.9392624,-14.06504,4.721,-0.8760071,1.5065308,-1.0320282
4.731,1.2804871,4.452775,-1.4593661,4.731,-0.7716217,0.6692352,-1.0107269
4.742,2.201355,2.4771528,6.8709574,4.741,0.50990295,-0.8136139,-1.0661163
4.751,2.6625328,-6.9461102,3.476746,4.751,1.7477264,-1.8160248,-0.9755707
4.764,11.041336,-10.335649,-3.1250267,4.763,1.4942017,-1.724411,-0.26290894
4.771,19.06831,-1.2560791,-3.467414,4.77,-0.1015625,-1.1736755,0.5275116
4.781,17.298344,6.289872,1.3103566,4.78,-0.9015808,-0.50361633,0.8162079
4.791,13.633632,6.6242857,0.7028366,4.79,-0.57347107,-0.41732788,0.83218384
4.8,11.18297,4.7848763,0.80906785,4.8,-0.40090942,-0.6165314,0.6585388
4.81,9.145479,2.6579578,3.1569762,4.81,-0.5990448,-1.2780609,0.5371094
4.82,9.209494,-0.13525754,2.9942474,4.82,-0.62994385,-1.6349335,0.49449158
4.83,9.292218,-1.881913,3.941043,4.829,-0.54045105,-1.2706146,0.36346436
4.84,8.086556,-3.8077207,3.4215302,4.839,-0.37854004,-0.64849854,0.3751831
4.85,6.679476,-5.9127316,4.3642836,4.849,-0.2698822,-0.1126709,0.5189972
4.86,5.6594553,-7.6067886,4.789303,4.859,-0.08451843,-0.0700531,0.63298035
4.874,3.8809805,-8.275349,4.9529996,4.874,0.26914978,-0.16912842,0.51260376
4.879,1.359952,-7.230846,4.773294,4.88,0.70910645,-0.08390808,0.26759338
4.889,-1.8208418,-4.362838,4.012751,4.889,1.0894012,0.2505951,0.11312866
4.899,-5.018546,-1.7958691,2.7667043,4.898,1.3120422,0.7192993,0.072647095
4.909,-7.988495,-0.3034393,1.2952812,4.908,1.3993988,1.1965485,0.019378662
4.919,-10.20511,0.7020424,-0.75527036,4.919,1.370636,1.4372864,-0.096725464
4.928,-11.594254,1.4434769,-3.1215284,4.929,1.1767578,1.3115997,-0.28634644
4.938,-12.908341,2.5928814,-6.4362636,4.938,0.8635559,1.2135925,-0.5292206
4.949,-15.177414,4.4984694,-6.470308,4.948,0.48858643,1.475647,-0.791275
4.958,-16.099106,6.0337567,-4.786534,4.958,0.16049194,1.2657928,-0.8786316
4.968,-11.266599,2.9543977,-5.2153497,4.968,0.008163452,0.4039917,-0.64108276
4.984,-9.266289,0.9112693,-5.329537,4.983,-0.10902405,-0.66127014,-0.5015259
4.988,-9.186818,0.33353943,-5.746905,4.987,-0.18359375,-1.0767365,-0.1457367
4.997,-4.916198,-1.5113031,-3.0675967,4.998,-0.42860413,-0.40667725,0.43270874
5.008,-0.17132187,-2.1884856,5.97158,5.007,-0.9015808,0.47109985,0.7757263
5.018,-3.0155773,-2.4958973,9.353627,5.017,-0.7812042,0.8535309,0.6521454
5.027,-8.078405,-2.7795963,4.4532824,5.027,0.051834106,1.272171,0.31658936
5.038,-9.9498625,-0.70739466,-1.2393842,5.037,0.6132202,1.4298401,0.072647095
5.047,-8.713296,0.41834605,-7.093271,5.047,0.9711609,1.0953369,0.18344116
5.057,-4.484379,-3.8137264,-14.100111,5.057,1.5059204,0.5616455,0.7746582
5.067,-0.3038826,-8.871745,-20.196222,5.066,1.4313507,-0.39389038,1.5576324
5.076,5.1497135,-6.492301,-21.454134,5.077,-0.067474365,-1.5188141,2.1967926
5.092,15.927601,6.4370613,-5.170387,5.091,-2.100006,-0.60694885,1.9400635
5.096,27.68186,17.331068,31.622986,5.097,-2.3279724,0.98349,0.7512207
5.106,25.742882,6.840192,19.68235,5.107,-0.26348877,-0.080703735,-0.37475586
5.117,12.742962,-3.1395884,-3.464031,5.116,1.0435944,-0.41093445,-1.0341644
5.126,6.428074,-4.841796,-4.9050155,5.126,0.8816681,-0.39816284,-1.0192413
5.136,4.112753,-3.968669,-0.6153997,5.136,0.49923706,-1.0181427,-0.78382874
5.146,2.662221,-3.470718,2.6885924,5.146,0.30963135,-1.7584991,-0.516449
5.155,3.4265308,-4.3474574,2.7406204,5.156,0.26168823,-2.1547852,-0.26397705
5.165,6.2429237,-3.980663,4.0336943,5.166,0.32240295,-1.7020416,-0.16915894
5.176,9.273852,-1.1815615,4.5025043,5.175,0.49497986,-1.2578278,-0.24160767
5.186,9.712235,2.0423958,2.5549989,5.185,0.6505127,-1.355835,-0.36198425
5.195,8.418434,4.8629174,0.15751606,5.195,0.61642456,-1.3270721,-0.40351868
5.205,6.0552835,7.6484265,1.5441153,5.205,0.29684448,-0.83277893,-0.3587799
5.215,4.091178,9.157463,3.3601427,5.215,-0.1484375,-0.23091125,-0.22668457
5.224,2.1281376,8.644182,2.722917,5.225,-0.6267395,0.2079773,-0.08181763
5.235,-0.47265816,6.4866433,1.3160939,5.235,-1.0709534,0.6543274,-0.010437012
5.245,-3.9598722,3.870297,0.9931911,5.244,-1.3681641,1.112381,-0.09353638
5.255,-7.9735527,1.6599228,-0.6816155,5.254,-1.4235535,1.4841614,-0.2203064
5.265,-11.147051,-0.368757,-2.172451,5.264,-1.3074493,1.9006805,-0.23947144
5.275,-13.733228,-2.0825453,-3.328875,5.274,-1.032608,2.258606,-0.110580444
5.285,-15.795716,-4.3157578,-3.4534307,5.284,-0.59158325,2.5877838,0.16000366
5.295,-18.57182,-6.1142025,-0.8239058,5.294,-0.07600403,2.4524841,0.33790588
5.304,-18.037054,-5.4032497,-5.3143387,5.304,0.353302,1.3936157,0.50302124
5.32,-11.79559,-4.576402,-11.57237,5.32,0.4555664,0.5701752,0.8076782
5.324,-6.0856657,-3.1530485,-11.137805,5.323,0.06462097,-0.25009155,0.8481598
5.334,-4.535983,-1.0914087,-7.2876782,5.333,-0.441391,-1.4197388,0.5253906
5.344,-3.971137,2.0856488,1.2172222,5.343,-0.5031738,-2.1079102,0.08010864
5.354,-0.17993164,3.845708,10.362356,5.353,0.08804321,-1.7819366,-0.40351868
5.364,-0.1458931,-0.89835477,9.968313,5.363,1.0095062,-0.0934906,-0.89567566
5.373,-5.736676,-4.4172544,0.059911907,5.373,1.0989838,1.0079956,-0.8370819
5.383,-4.7373457,-3.0788922,-10.1099,5.383,0.29364014,1.4298401,-0.53775024
5.393,-1.1002712,0.46248275,-16.550627,5.393,-0.5266113,1.5683136,-0.6336212
5.403,2.9488392,4.010223,-11.400562,5.402,-0.8994446,1.1720428,-0.758255
5.413,6.336544,7.1164737,0.874263,5.412,-0.28053284,-0.35554504,-0.94680786
5.429,3.692504,1.9407729,7.320562,5.428,1.3439941,-2.2282867,-1.1470795
5.432,6.8668547,-9.485456,1.9478167,5.432,2.4646606,-2.2751465,-0.725235
5.443,17.156265,-9.20358,-2.1954155,5.442,1.214035,-0.46739197,0.27398682
5.452,17.512318,1.511828,0.28230077,5.452,-0.96229553,0.29533386,1.1261902
5.462,12.978801,5.829371,0.8348198,5.462,-1.2776184,0.09185791,1.2572174
5.472,11.141549,5.402354,0.5139641,5.471,-0.53512573,-0.09030151,0.82792664
5.482,7.980426,5.196071,1.737995,5.481,-0.21981812,-0.88391113,0.33576965
5.492,6.2753077,3.4262857,2.5000103,5.491,-0.37321472,-1.9534454,0.17704773
5.502,5.5803576,1.5914736,1.1117495,5.501,-0.5958557,-2.0514526,0.14189148
5.511,6.2199345,-1.1320602,2.8254225,5.512,-0.66189575,-1.0405121,0.30593872
5.521,6.8999863,-4.4354343,3.795639,5.521,-0.69384766,-0.3534088,0.5648041
5.537,6.5803623,-6.963252,4.319035,5.537,-0.62994385,-0.2191925,0.74375916
5.541,5.856715,-8.225408,4.7060714,5.54,-0.3487091,-0.32891846,0.71499634
5.551,4.5039253,-7.6834736,5.628951,5.551,0.05076599,-0.33743286,0.45933533
5.561,2.4774427,-5.725086,6.447994,5.56,0.45343018,-0.0892334,0.21859741
5.571,-0.46870327,-3.501225,5.472693,5.57,0.831604,0.34432983,0.11206055
5.581,-4.3993206,-0.46764064,2.7571743,5.58,1.1554413,0.99201965,0.031097412
5.59,-7.637929,0.3273157,-0.2371965,5.59,1.26091,1.4830933,-0.089263916
5.601,-9.292347,0.43688554,-2.6213205,5.6,1.150116,1.6428833,-0.29273987
5.61,-11.152765,1.3416574,-4.936575,5.61,0.9285431,1.5299683,-0.5910034
5.62,-13.048557,2.6869226,-7.521142,5.62,0.6750183,1.6098633,-0.84135437
5.63,-15.800494,4.653193,-5.838453,5.629,0.39697266,1.8815155,-1.0235138
5.646,-16.788502,5.994901,-4.5720935,5.645,0.13705444,1.3637848,-0.9585266
5.649,-11.604986,2.6744328,-5.6168604,5.649,-0.014221191,0.30278015,-0.5484009
5.66,-9.702921,0.7815074,-5.0095224,5.659,-0.12820435,-0.7848511,-0.24053955
5.67,-9.130573,-0.10287347,-4.785337,5.669,-0.2315216,-1.3004303,0.1940918
5.68,-4.24,-1.5643137,-1.3687464,5.679,-0.5425873,-0.55688477,0.71287537
5.69,0.548543,-1.8625085,9.978875,5.689,-0.8994446,0.74913025,0.8630676
5.699,-5.0297728,-1.8890302,8.465708,5.698,-0.3444519,1.0538025,0.48809814
5.709,-9.366926,-1.2052256,0.3667488,5.708,0.53652954,1.3616638,0.109939575
5.719,-10.330178,1.2679942,-4.016072,5.719,0.8070984,1.4000092,-0.05731201
5.729,-7.8925934,0.22436467,-9.451003,5.728,1.1139069,0.903595,0.31340027
5.739,-3.2358265,-5.661135,-15.797048,5.738,1.5027161,0.10357666,1.1272583
5.753,1.8972597,-10.1447,-22.002295,5.754,0.94026184,-1.2045593,2.0370026
5.759,10.967681,-4.6220684,-17.924774,5.758,-0.9335327,-1.4325256,2.3693542
5.768,23.164867,11.25073,15.689388,5.769,-2.2629852,0.80451965,1.4042358
5.778,28.900589,15.715607,31.506342,5.778,-1.2861328,0.92170715,0.06945801
5.788,19.092705,3.7585638,5.509872,5.787,0.4875183,-0.38430786,-0.8701172
5.797,8.744323,-1.7325382,-6.6774464,5.798,0.8486481,-0.45568848,-1.2653198
5.808,4.0842857,-1.3508983,-2.8248506,5.807,0.36608887,-0.7528839,-1.1161804
5.818,2.2843065,-1.4814141,1.8803976,5.817,0.0017700195,-1.6125641,-0.7571869
5.828,2.7557592,-2.8703651,3.5911984,5.827,-0.15057373,-2.1643677,-0.39712524
5.837,5.2852907,-4.031892,5.5624013,5.837,-0.116485596,-2.0354614,-0.233078
5.846,7.9655914,-3.4638002,4.8075275,5.847,0.104034424,-1.6871338,-0.24586487
5.862,9.904315,-1.78166,2.4731717,5.862,0.3021698,-1.6029663,-0.34387207
5.867,9.249156,0.30330226,0.8575762,5.866,0.35011292,-1.5944519,-0.41098022
5.877,8.161415,2.4814527,2.2477283,5.877,0.23506165,-1.2034912,-0.34387207
5.887,6.2349854,5.400616,4.5714874,5.886,0.015609741,-0.6889801,-0.2842102
5.897,3.739972,7.7647266,4.0348196,5.896,-0.23472595,-0.2149353,-0.20431519
5.907,1.0085621,8.456949,2.0113337,5.906,-0.56282043,0.25271606,-0.044525146
5.916,-1.8818531,7.388612,0.65780854,5.917,-0.93673706,0.70758057,0.10461426
5.926,-5.246148,5.0800815,-1.1327144,5.926,-1.2680359,1.0431519,0.151474
5.936,-8.003133,2.7492733,-1.9854155,5.936,-1.4714966,1.4277039,0.10461426
5.946,-10.319026,1.1332556,-2.8978267,5.946,-1.4267578,1.8996124,0.019378662
5.956,-12.434632,-0.5079713,-3.4769769,5.955,-1.1764221,2.30336,-0.02748108
5.972,-15.470231,-2.9580808,-2.9473004,5.971,-0.7215576,2.5835114,0.060928345
5.975,-18.270294,-5.993002,-0.11885136,5.975,-0.1953125,2.1574097,0.19621277
5.985,-16.856277,-6.87938,-5.0411315,5.985,0.2702179,0.82476807,0.38476562
5.996,-10.43871,-6.520542,-11.757763,5.995,0.36820984,0.013031006,0.5839691
6.006,-6.964921,-3.29559,-10.981513,6.005,-0.125,-0.60801697,0.4721222
6.016,-6.4583063,-0.071798146,-6.869657,6.015,-0.6927948,-1.3718109,0.27078247
6.025,-4.504079,3.5321553,1.7548661,6.025,-0.7577667,-1.6125641,0.018325806
6.035,-0.6591015,5.0385265,7.8715577,6.034,-0.18678284,-1.0809937,-0.37475586
6.045,-1.5730381,0.6715556,6.1053185,6.044,0.54078674,0.30812073,-0.78382874
6.055,-6.0789003,-3.2782946,-1.7222689,6.054,0.48858643,1.112381,-0.71565247
6.065,-3.9171724,-2.7013407,-9.858009,6.064,-0.2826538,1.3307648,-0.57077026
6.08,-1.6803684,1.2056608,-13.982734,6.08,-1.0144958,1.1422119,-0.7209778
6.084,1.7460375,4.753682,-7.3752794,6.084,-1.1519165,0.5861511,-0.725235
6.094,6.828189,5.7516522,3.816463,6.094,-0.2965088,-0.767807,-0.8839569
6.104,5.985305,-0.5674901,5.5870094,6.104,1.1352081,-2.1515808,-1.2408295
6.113,9.2094755,-8.170177,-0.78724414,6.114,1.4899445,-1.724411,-0.8147125
6.124,17.722889,-4.054443,-0.6258669,6.123,-0.21128845,-0.45141602,0.30807495
6.134,16.534157,3.943867,3.3406188,6.133,-1.6472626,0.03540039,0.979187
6.144,13.548559,5.064184,2.7285428,6.143,-1.3383331,-0.071121216,0.9727936
6.154,11.73755,3.8097634,2.5860653,6.153,-0.66296387,-0.41093445,0.60635376
6.163,8.498328,2.7682502,3.3544543,6.163,-0.45843506,-1.2748718,0.34428406
6.173,7.8827105,-0.009217098,2.294943,6.173,-0.61183167,-1.9427948,0.34535217
6.19,8.688,-2.1678638,2.8640237,6.191,-0.79078674,-1.8192139,0.35707092
6.193,8.864823,-4.2718587,3.1477695,6.192,-0.697052,-1.0841827,0.3421631
6.203,7.4050455,-5.578804,3.7152967,6.202,-0.61608887,-0.5430298,0.38796997
6.213,5.9402237,-6.3592525,3.99468,6.212,-0.40516663,-0.38111877,0.51686096
6.223,4.9522305,-6.716778,3.9168181,6.222,-0.051498413,-0.3395691,0.5573425
6.232,3.580514,-6.827903,4.080834,6.233,0.3106842,-0.2660675,0.4763794
6.242,0.8095865,-4.88562,4.237495,6.242,0.6569061,0.07376099,0.32724
6.252,-3.2957506,-1.770993,4.245476,6.252,0.9296112,0.5350189,0.2026062
6.262,-6.8871965,-0.313173,2.365872,6.262,1.0787506,0.8119812,0.1663971
6.272,-9.719572,0.1961878,0.21681958,6.272,1.0606384,1.0676422,0.08329773
6.282,-11.618501,0.4984954,-1.0016612,6.281,0.9061737,1.1709747,-0.089263916
6.291,-12.701606,1.3456377,-4.0312085,6.291,0.7037811,1.0612488,-0.32043457
6.305,-13.940049,3.358243,-6.5230126,6.304,0.44917297,1.2146606,-0.5718384
6.312,-14.803119,6.06511,-5.907929,6.311,0.1572876,1.1773682,-0.7337494
6.322,-11.653223,5.387571,-6.8962135,6.321,-0.0067596436,0.5797577,-0.58781433
6.331,-8.736106,1.5490758,-4.939225,6.331,-0.0973053,-0.1446228,-0.51431274
6.341,-10.822463,-0.081251055,-2.7394447,6.34,-0.067474365,-0.8753967,-0.4280243
6.351,-10.24219,-2.89489,-2.233797,6.35,-0.02166748,-0.8444977,0.042816162
6.361,-4.2646713,-4.4787536,3.5982807,6.36,-0.3391266,0.18560791,0.64682007
6.371,-0.44852734,-1.5334289,11.538597,6.37,-0.556427,0.680954,0.8268585
6.381,-5.204115,0.5605732,6.7731376,6.38,0.1764679,0.77682495,0.48277283
6.39,-9.003397,0.68346345,-0.7261551,6.39,0.90830994,1.2487488,0.18663025
6.4,-10.241473,1.352001,-3.9051354,6.4,0.8230896,1.3840332,0.019378662
6.418,-8.769234,1.8588549,-7.593984,6.418,0.81455994,1.1347656,0.12591553
6.421,-3.6707315,-2.1356132,-14.116463,6.419,1.2385406,0.69480896,0.6862335
6.43,1.0379238,-7.7290735,-20.15756,6.43,1.070221,-0.3395691,1.4127502
6.44,8.65749,-5.2609525,-20.372438,6.439,-0.43711853,-1.1491699,2.0998535
6.449,20.231533,6.2493773,1.6356367,6.449,-1.9497986,0.5616455,1.8420563
6.459,27.651875,15.379193,31.401934,6.459,-1.2009125,1.924118,0.533905
6.469,21.415453,5.892325,12.393142,6.469,0.5663605,0.21437073,-0.60272217
6.48,11.0473585,-2.191522,-4.4353676,6.479,0.7751465,-0.7102814,-1.0916901
6.489,5.474551,-2.8845923,-3.2888799,6.489,0.39057922,-0.70921326,-0.99261475
6.499,2.3445168,-1.8452051,2.6623585,6.499,0.18818665,-1.2333221,-0.69966125
6.509,1.8650484,-1.1145251,2.6927562,6.508,0.117874146,-2.1782074,-0.36517334
6.519,4.416847,-1.9226677,1.4899069,6.518,-0.0067596436,-2.2229614,-0.11909485
6.532,9.120251,-2.6644993,4.1498256,6.533,-0.08026123,-1.6232147,-0.1073761
6.538,11.99193,-1.4667459,4.8653903,6.538,0.06248474,-1.3813934,-0.3033905
6.549,12.047535,0.9635255,2.814272,6.548,0.23506165,-1.43573,-0.49406433
6.559,10.282597,3.369657,1.3989817,6.558,0.19670105,-1.0746002,-0.516449
6.569,7.0332527,5.7771816,3.1428328,6.568,-0.12713623,-0.38217163,-0.39712524
6.578,4.3390465,6.826069,4.5055327,6.577,-0.53938293,0.12489319,-0.16596985
6.588,1.6554699,6.6448154,3.1435275,6.587,-0.8973236,0.37309265,-0.013641357
6.598,-1.4676008,5.5323005,1.89441,6.597,-1.1583099,0.7012024,-0.028549194
6.608,-4.929577,3.7563102,0.17920136,6.607,-1.3489838,0.9643097,-0.19047546
6.617,-8.577317,1.9551182,-1.1999788,6.617,-1.4097137,1.2519379,-0.373703
6.627,-11.270109,0.4597583,-1.2915685,6.627,-1.1870728,1.7590027,-0.45465088
6.644,-13.601897,-0.94933474,-1.7954832,6.644,-0.7332611,2.1414337,-0.4248352
6.647,-16.614937,-3.4989984,-1.8567476,6.646,-0.1761322,2.339569,-0.24905396
6.657,-18.91695,-5.8322144,-1.0732431,6.657,0.31388855,1.7962952,-0.028549194
6.667,-16.720997,-6.23907,-6.972191,6.666,0.60150146,0.47109985,0.31019592
6.677,-11.022972,-5.7807384,-12.907491,6.676,0.4736786,-0.37365723,0.6723938
6.687,-6.5706596,-3.6380825,-11.278205,6.686,-0.07493591,-0.90734863,0.7522888
6.697,-4.5871487,-0.82264197,-6.475162,6.696,-0.5798645,-1.5422516,0.53071594
6.707,-1.699503,3.257782,2.1729448,6.706,-0.5766754,-1.5433197,0.08969116
6.717,1.7788401,5.9803433,9.009673,6.716,0.05609131,-0.54196167,-0.49513245
6.726,-0.76538277,2.3104782,7.110571,6.725,0.7346649,0.9185028,-0.9116516
6.736,-7.022172,-2.1525679,-1.7972703,6.736,0.48965454,1.5044098,-0.725235
6.753,-5.5630198,-2.5163667,-9.558989,6.753,-0.33166504,1.8026733,-0.45359802
6.755,-2.686245,-0.54580116,-12.514352,6.755,-0.93566895,1.7685852,-0.46957397
6.766,0.4196062,2.0825882,-5.7682705,6.765,-0.9239502,1.302002,-0.5505371
6.776,3.4352913,2.8361104,2.43671,6.775,-0.014221191,0.083343506,-0.83921814
6.786,2.0481224,-1.4268007,2.7227974,6.785,1.2076416,-1.5113525,-1.1651917
6.796,7.2644043,-6.5278687,-2.1531122,6.795,1.5687714,-1.75531,-0.8456116
6.805,15.696544,-3.4369786,-1.9834625,6.805,0.48646545,-0.910553,-0.124420166
6.815,14.767988,4.114944,1.2307844,6.815,-0.7620239,-0.47805786,0.5189972
6.825,12.9167795,5.0868115,2.7623575,6.825,-0.8813324,-0.5249176,0.8897095
6.835,12.538667,3.0931368,2.1974375,6.834,-0.50849915,-0.78804016,0.8300476
6.845,11.3546295,1.4486215,2.2277074,6.844,-0.43286133,-1.3142853,0.643631
6.855,10.358539,-0.19966723,2.1253295,6.854,-0.5713501,-1.8352051,0.5509491
6.864,10.325914,-1.9895344,3.3154876,6.864,-0.59051514,-1.7840729,0.5371094
6.875,9.999501,-3.1677995,4.7210236,6.874,-0.441391,-1.4453125,0.53178406
6.884,8.888048,-3.7288373,4.6562347,6.884,-0.21342468,-0.97447205,0.5253906
6.894,8.434803,-4.5043874,5.6760697,6.894,0.0038909912,-0.512146,0.5221863
6.904,7.507159,-5.2905006,6.087338,6.904,0.28831482,-0.33210754,0.4124756
6.914,5.1069,-4.997107,4.948172,6.914,0.6547699,-0.1126709,0.2026062
6.924,1.3436222,-3.7947311,3.7325416,6.923,0.93707275,0.329422,0.05241394
6.933,-2.6491566,-2.7555914,2.7505007,6.934,1.0595703,0.854599,-0.009384155
6.944,-6.634904,-1.5836616,2.1561933,6.943,1.1320038,1.2881622,-0.077560425
6.954,-9.603107,-0.64741147,0.69234324,6.953,1.2129669,1.4021454,-0.15638733
6.97,-11.518576,-0.12698358,-1.9379071,6.969,1.1980591,1.2892151,-0.28208923
6.973,-12.923367,0.425049,-5.127284,6.972,1.0510559,1.3403473,-0.4706421
6.983,-15.381647,2.029439,-5.905245,6.983,0.79219055,1.6471558,-0.7348175
6.993,-16.723572,4.6029444,-5.3258367,6.992,0.4278717,1.4671173,-0.9063263
7.003,-13.446288,4.8335085,-6.802859,7.002,0.11361694,0.62342834,-0.73269653
7.013,-8.892531,2.3267736,-6.7346435,7.012,-0.12181091,-0.32785034,-0.549469
7.022,-9.588156,1.658956,-5.278029,7.022,-0.28053284,-1.183258,-0.5089874
7.033,-10.196328,1.0112602,-3.6522353,7.032,-0.29118347,-1.2631531,-0.21391296
7.043,-6.498291,-0.45509416,-0.6131933,7.042,-0.35617065,-0.4194641,0.3155365
7.052,-0.380558,-0.7675761,7.2827744,7.052,-0.6597595,0.6063843,0.7139435
7.062,-2.3066063,-0.73830277,9.818061,7.062,-0.4967804,0.8215637,0.5733185
7.077,-7.6864567,-0.9537996,3.2265744,7.076,0.36715698,1.1549988,0.20899963
7.081,-9.409262,-0.084707856,-2.6873796,7.081,0.87101746,1.3392944,0.034301758
7.091,-8.010782,-0.25908193,-8.812792,7.092,1.1266785,0.8258362,0.3421631
7.102,-1.4114761,-6.114456,-17.60297,7.101,1.4398651,0.08866882,1.1304626
7.112,3.3047419,-10.181977,-24.204748,7.111,0.7772827,-0.68470764,1.7376556
7.121,7.3422756,-3.118843,-16.992947,7.121,-1.0986481,-0.4705963,1.9805298
7.131,16.781271,10.186886,9.435327,7.13,-2.2672424,1.3115997,1.5501709
7.141,22.988907,14.467724,29.559166,7.141,-1.2989197,1.475647,0.4178009
7.151,17.270493,3.5969532,8.154573,7.15,0.28938293,0.059906006,-0.3726349
7.161,11.208334,-3.0088553,-4.554081,7.16,0.5588989,-0.25541687,-0.74121094
7.171,6.152646,-3.3736014,-2.934382,7.17,0.38845825,-0.44502258,-0.8328247
7.18,3.9191198,-2.0682893,2.4819472,7.18,0.39485168,-1.1140137,-0.6464081
7.191,2.8604126,-1.9496489,2.4384034,7.192,0.3575592,-2.0162964,-0.4280243
7.2,5.3373632,-2.073533,2.9603179,7.2,0.16900635,-1.9886017,-0.186203
7.21,8.902719,-1.3326063,4.9884515,7.21,0.07633972,-1.5433197,-0.12869263
7.22,10.14001,0.32628322,3.503827,7.219,0.1999054,-1.4644928,-0.2714386
7.23,9.659019,1.7328668,1.3818362,7.229,0.3490448,-1.5838013,-0.39393616
7.24,8.289281,1.8600894,0.48112714,7.239,0.3341217,-1.4580994,-0.3449402
7.25,7.251333,1.9762318,2.9784575,7.249,0.06567383,-0.70921326,-0.1776886
7.26,5.984948,3.4588654,5.7248282,7.259,-0.3167572,-0.021057129,-0.10951233
7.269,3.7198114,5.476906,4.5234356,7.269,-0.58839417,0.32196045,-0.1457367
7.28,0.35241508,6.95118,2.6463501,7.279,-0.7620239,0.6681671,-0.2096405
7.289,-3.1652193,6.126502,1.3809371,7.288,-0.90904236,0.97177124,-0.24586487
7.304,-6.3301277,3.904514,-0.24056858,7.303,-1.0102386,1.1763,-0.31936646
7.309,-9.775509,1.8304186,-1.8999332,7.308,-1.018753,1.4415588,-0.42269897
7.319,-12.366076,-0.124611765,-2.2804873,7.318,-0.8824005,1.7739105,-0.44932556
7.328,-15.11108,-1.9379556,-3.0617185,7.328,-0.55856323,2.0476837,-0.32789612
7.338,-17.786747,-5.0708017,-1.6541562,7.338,-0.13671875,2.1829834,-0.06903076
7.349,-19.582695,-6.5429792,-1.3532894,7.348,0.29577637,1.4980164,0.12591553
7.359,-15.822251,-6.127681,-8.383299,7.358,0.6260071,0.47216797,0.4636078
7.368,-10.074027,-4.0726094,-13.072649,7.369,0.4544983,-0.09135437,0.74375916
7.377,-6.1473217,-1.2375846,-11.014841,7.378,-0.26667786,-0.7997589,0.676651
7.388,-5.2228603,2.3546445,-5.992282,7.387,-0.83447266,-1.5273438,0.34109497
7.398,-3.4915743,6.465852,2.5893896,7.397,-0.8280792,-1.738266,-0.025360107
7.414,-0.25945663,7.466605,8.059286,7.414,-0.21875,-1.2855225,-0.4482727
7.417,-1.4097462,1.8968848,4.540384,7.417,0.6078949,0.21862793,-0.9127197
7.428,-8.139105,-3.55894,0.0142110735,7.427,0.6451874,1.2870941,-0.84773254
7.437,-8.54161,-4.5024624,-2.137014,7.437,0.09550476,1.6482086,-0.41418457
7.447,-2.2335997,-2.336652,-13.3384495,7.447,-0.58306885,1.2306366,-0.40246582
7.457,2.4399767,0.86521494,-14.190607,7.457,-1.2765503,0.6394043,-0.71884155
7.467,8.909203,3.4159982,-3.822578,7.466,-1.1838684,-0.5952301,-1.0576019
7.476,9.207161,2.5961843,4.982944,7.477,0.11361694,-2.315628,-1.5891571
7.487,8.022545,-5.14896,2.8582015,7.486,1.579422,-2.2613068,-1.4868927
7.497,15.8368435,-8.717083,-0.22704105,7.496,1.0308075,-0.6516876,-0.37475586
7.507,19.04123,-0.73598677,2.1661925,7.506,-0.93885803,-0.12971497,0.6819763
7.523,16.159391,4.312268,3.146688,7.524,-1.3276825,0.03753662,0.8801117
7.526,13.126764,4.8527875,1.709368,7.525,-0.5532379,0.17070007,0.47958374
7.536,8.8194685,4.398824,1.5338324,7.536,-0.19424438,-0.31506348,0.10887146
7.547,6.3800783,2.0788107,2.0750537,7.546,-0.39663696,-1.2823334,0.084365845
7.556,6.1396627,0.35022473,2.8485708,7.555,-0.58732605,-1.8266754,0.13763428
7.566,7.638426,-2.2175598,3.0158157,7.565,-0.41688538,-1.3291931,0.2026062
7.576,8.46236,-5.3461995,2.3950653,7.575,-0.3252716,-0.5952301,0.31765747
7.586,7.3503504,-7.6735134,2.9034305,7.585,-0.36254883,-0.10307312,0.4774475
7.596,5.8808537,-8.61824,4.394271,7.595,-0.21981812,0.07588196,0.56159973
7.605,4.094076,-8.208288,5.507186,7.605,0.18925476,0.07695007,0.43377686
7.615,1.1065502,-5.7713485,5.3124833,7.615,0.7335968,0.12168884,0.21859741
7.632,-1.8146076,-3.2488127,3.654533,7.632,1.1565094,0.2601776,0.17172241
7.635,-4.6690645,-1.6004775,1.3789897,7.634,1.3354797,0.585083,0.18130493
7.645,-7.3544216,-0.43578252,-0.2475102,7.644,1.2981873,1.0431519,0.11845398
7.655,-9.413029,0.37289646,-0.090999305,7.654,1.1234894,1.2103882,-0.021087646
7.665,-10.989943,1.2335662,-1.768842,7.664,0.9349365,0.97177124,-0.23521423
7.674,-12.145563,2.4320984,-5.522784,7.674,0.66967773,0.84713745,-0.46318054
7.684,-12.452324,3.9060562,-7.0495872,7.684,0.30430603,1.159256,-0.6890106
7.694,-14.249262,5.832503,-4.282952,7.694,-0.04084778,1.2466125,-0.93722534
7.704,-13.65258,4.58749,-3.1210144,7.704,-0.18998718,0.5318146,-0.885025
7.714,-10.310623,0.57058835,-3.3932493,7.713,-0.20489502,-0.45887756,-0.65919495
7.723,-10.313351,-1.0371022,-3.857047,7.724,-0.20063782,-0.9723358,-0.43122864
7.745,-2.7481346,-3.0589168,2.3354845,7.745,-0.58306885,0.2399292,0.47958374
7.744,-7.894496,-2.9371734,-2.900933,7.745,-0.28585815,-0.57499695,0.032165527
7.753,-1.6443653,-0.6870497,8.178639,7.753,-0.6256714,0.6841583,0.51260376
7.763,-6.1052322,-0.34052932,6.127524,7.762,0.007095337,1.0261078,0.20155334
7.773,-8.835956,0.14157304,-0.12667602,7.772,0.655838,1.2253113,0.016189575
7.783,-7.952401,-0.55696523,-7.5368567,7.782,1.0957947,0.8918762,0.2697296
7.793,-3.323821,-4.9254303,-15.330018,7.792,1.405777,0.44552612,0.91526794
7.803,2.3369827,-8.216205,-21.038912,7.802,0.73999023,-0.0700531,1.584259
7.812,9.346916,-1.6324013,-13.815257,7.812,-1.1476593,-0.071121216,1.9560394
7.823,16.438318,9.718783,11.79916,7.822,-2.1010742,0.99201965,1.5416412
7.833,20.903236,12.287924,23.205645,7.832,-0.7854614,0.7928009,0.5552063
7.85,15.8428755,3.3541021,2.029181,7.849,0.6771393,-0.18829346,-0.25012207
7.852,10.436712,-2.9008455,-7.0202107,7.852,0.5354614,-0.20533752,-0.5217743
7.862,6.6738176,-5.2748322,-3.0896711,7.861,-0.030197144,-0.37791443,-0.47808838
7.871,5.075446,-5.1236105,2.7496567,7.872,-0.11116028,-1.0660706,-0.32789612
7.882,4.5429783,-3.8464866,3.686727,7.881,0.12319946,-1.7979126,-0.21284485
7.891,6.340412,-3.0281012,4.0935063,7.892,0.2467804,-1.7819366,-0.077560425
7.902,9.154357,-1.3704008,5.188346,7.901,0.30323792,-1.3238678,-0.02748108
7.911,10.032067,1.0838257,2.9678965,7.911,0.49391174,-1.0852509,-0.13401794
7.921,8.665452,3.0927205,0.41690505,7.921,0.6324005,-1.0437012,-0.26823425
7.931,6.797824,3.797566,-0.36485747,7.931,0.56954956,-0.94996643,-0.28208923
7.941,5.6713686,3.6666255,0.89403045,7.941,0.3021698,-0.6463623,-0.20858765
7.961,4.8425226,3.985908,2.6848333,7.959,-0.067474365,-0.28523254,-0.15957642
7.962,2.9859152,4.864945,3.4028797,7.962,-0.39344788,0.04711914,-0.18408203
7.971,0.3456707,5.201792,2.5407374,7.97,-0.60969543,0.30491638,-0.25865173
7.981,-2.7489147,4.2566957,1.1203212,7.98,-0.7694855,0.59999084,-0.34599304
7.99,-5.5773783,2.6717894,0.3838818,7.99,-0.9250183,0.95259094,-0.43867493
8.001,-8.342029,1.3588145,0.10384075,8.0,-0.9740143,1.1826935,-0.52282715
8.01,-10.791223,0.06592206,-0.7733362,8.009,-0.8302002,1.2679138,-0.48980713
8.02,-12.5063925,-1.2728894,-2.0950944,8.019,-0.5532379,1.3552704,-0.35238647
8.03,-13.946519,-2.6486282,-3.4630697,8.029,-0.2421875,1.4820404,-0.15318298
8.04,-15.636026,-4.061732,-4.017819,8.039,0.06781006,1.6226501,0.09715271
8.05,-16.980827,-5.0149436,-3.6670058,8.049,0.28405762,1.3904266,0.35813904
8.059,-13.678132,-4.660897,-6.416148,8.058,0.3287964,0.6500702,0.6351013
8.073,-7.9163256,-3.2138655,-8.283902,8.072,0.096572876,-0.11373901,0.7927704
8.079,-4.8057194,-0.7285979,-5.973485,8.079,-0.32208252,-0.6932373,0.5786438
8.089,-3.540267,2.4426663,-1.2617884,8.088,-0.49996948,-0.8647461,0.18769836
8.098,-2.3200874,4.521508,2.2933626,8.099,-0.28479004,-0.43011475,-0.20005798
8.108,-2.7014809,2.4971566,3.4073763,8.108,0.14451599,0.6585846,-0.5675812
8.118,-7.934536,-1.57589,1.8754265,8.118,0.3341217,1.3265076,-0.69114685
8.128,-11.444287,-3.2284906,1.7667048,8.128,0.20629883,1.5491486,-0.47169495
8.138,-8.389974,-3.0161536,-3.5167298,8.137,0.059295654,1.3126526,-0.23628235
8.148,-1.2126455,-1.4662895,-15.984566,8.147,-0.33273315,0.7597809,-0.34812927
8.158,6.536977,1.6694841,-14.548453,8.158,-0.99212646,-0.08602905,-0.6879425
8.168,13.3792925,4.948751,-3.4991572,8.167,-0.839798,-2.1515808,-1.2088623
8.181,11.160749,2.584134,0.78777325,8.18,0.71655273,-3.6663818,-1.8075409
8.188,13.244115,-10.228665,1.393818,8.187,2.056656,-0.9009552,-1.5209808
8.198,16.282326,-12.094029,4.8294954,8.197,0.7719574,1.1858978,-0.12869263
8.207,15.450878,-0.41794798,4.133945,8.207,-1.2147675,-0.15953064,1.2146149
8.218,15.423857,5.035944,2.0393703,8.217,-1.0251465,-0.47166443,1.1336517
8.227,11.849239,6.6706758,-0.6136691,8.227,-0.093048096,-0.36193848,0.46466064
8.237,8.271945,6.3146825,-1.2582501,8.237,-0.0056915283,-0.84877014,0.151474
8.247,5.6638002,4.9271426,2.9418511,8.246,-0.53938293,-1.66156,0.109939575
8.256,5.2385197,2.5226896,2.9731529,8.257,-0.7481842,-1.8352051,0.1280365
8.267,6.6369495,-1.213819,2.8287768,8.266,-0.699173,-1.2141571,0.22497559
8.276,8.060496,-4.4801292,2.7634475,8.277,-0.65231323,-0.7156067,0.41566467
8.288,8.15175,-6.1535907,4.179452,8.288,-0.5425873,-0.42053223,0.5413666
8.297,7.3279924,-6.8809314,5.9555964,8.296,-0.23472595,-0.30548096,0.53604126
8.307,5.730488,-6.5188055,6.730877,8.306,0.14024353,-0.3129425,0.41140747
8.316,3.0851183,-5.493164,6.464566,8.316,0.49604797,-0.09881592,0.25694275
8.325,0.2242279,-4.7385902,6.065307,8.326,0.83480835,0.38267517,0.151474
8.335,-3.276783,-3.4788017,3.3697853,8.336,1.1043091,0.7235718,0.060928345
8.346,-6.694251,-1.995363,1.7237071,8.345,1.1991272,1.0527344,-0.013641357
8.356,-9.169804,-1.0902929,0.6840214,8.355,1.2332153,1.2466125,-0.09565735
8.365,-10.71461,-0.69869936,-1.1756207,8.366,1.1788788,1.0047913,-0.18727112
8.375,-12.201187,0.3311115,-4.1241875,8.375,0.9988556,0.61491394,-0.31617737
8.385,-13.584569,1.7749852,-6.787432,8.385,0.73999023,0.7320862,-0.49087524
8.405,-15.210185,3.8617032,-6.258216,8.404,0.40657043,1.1858978,-0.66238403
8.405,-15.502514,5.857909,-4.6552663,8.405,0.03479004,1.0591278,-0.7220459
8.415,-11.067978,3.3664212,-4.916917,8.415,-0.21661377,0.29319763,-0.5324249
8.425,-9.187852,0.76462585,-4.63437,8.424,-0.32208252,-0.5440979,-0.42269897
8.435,-8.974085,-0.4006151,-4.3915896,8.434,-0.32740784,-0.88604736,-0.12869263
8.445,-5.811064,-2.0505803,-2.538151,8.444,-0.48292542,-0.46206665,0.32191467
8.454,-1.9077463,-1.9450859,3.3596418,8.454,-0.8163605,0.35072327,0.6020813
8.464,-2.901165,-0.6211983,7.595464,8.464,-0.7055664,0.9270325,0.48703003
8.473,-7.6235256,-5.458314E-4,4.312331,8.474,0.002822876,1.2753754,0.17384338
8.483,-8.936944,1.2310603,-2.2708178,8.484,0.61535645,1.1411438,0.11631775
8.494,-7.1001234,-0.3633747,-9.644021,8.494,1.1597137,0.5840149,0.59568787
8.504,-1.2261868,-6.203498,-17.502192,8.503,1.5144348,-0.0029449463,1.4958496
8.513,5.304123,-9.372809,-21.727894,8.513,0.5588989,-0.62612915,2.2628326
8.523,13.695774,-3.1534142,-9.974049,8.523,-1.3734894,-0.049819946,2.3714905
8.533,20.484192,9.374729,19.272448,8.534,-1.9497986,1.3094635,1.358429
8.543,18.803171,11.023104,20.58367,8.543,-0.6416626,0.7800293,0.25587463
8.553,18.081486,0.9793812,1.1240485,8.553,0.36502075,0.153656,-0.120162964
8.563,13.545903,-4.3813157,-4.107028,8.563,0.31388855,-0.0423584,-0.6836853
8.573,4.877159,-3.6251392,-1.3019545,8.572,0.28405762,-0.3214569,-0.8243103
8.582,1.8687563,-2.4372675,1.9690506,8.583,0.36927795,-0.6783142,-0.39074707
8.592,3.063033,-3.0320024,1.8847842,8.593,0.20948792,-1.2610168,-0.01576233
8.603,5.793436,-2.7314012,4.2680798,8.602,-0.02166748,-1.2333221,0.098220825
8.613,7.9275637,-0.32930338,5.1591196,8.612,0.19776917,-0.66233826,-0.04347229
8.623,8.255061,1.699462,2.324273,8.623,0.54078674,-0.6165314,-0.20858765
8.632,6.6459084,2.677321,-0.3225221,8.631,0.6537018,-0.8136139,-0.26609802
8.642,4.8556128,2.4969366,-0.36432496,8.642,0.49284363,-0.7220001,-0.2011261
8.652,4.6315527,2.1095061,1.4915024,8.652,0.19032288,-0.4460907,-0.09565735
8.662,4.108447,3.016923,2.8149574,8.661,-0.11753845,-0.115859985,-0.089263916
8.672,2.0960064,4.400594,2.7611217,8.671,-0.33166504,0.2633667,-0.17449951
8.682,0.062070847,5.2799907,2.6030352,8.681,-0.4456482,0.67881775,-0.32043457
8.691,-2.7011309,5.0834618,1.294009,8.691,-0.5244751,0.7512665,-0.5132446
8.701,-5.5883856,3.950676,-0.73647165,8.701,-0.61502075,0.71717834,-0.6549225
8.711,-8.428219,2.0718553,-1.917139,8.711,-0.6533661,0.6958618,-0.7071228
8.72,-10.681633,0.11333829,-2.8604496,8.721,-0.4978485,0.76831055,-0.62190247
8.731,-12.46563,-1.593558,-3.707656,8.731,-0.20170593,0.88974,-0.42163086
8.741,-14.065008,-3.428416,-4.368878,8.74,0.16156006,1.0857544,-0.14360046
8.75,-15.578822,-5.119393,-4.1091537,8.751,0.51841736,1.2924194,0.15893555
8.761,-16.420486,-5.6857457,-3.0880482,8.76,0.7240143,0.99095154,0.43164062
8.77,-11.6311245,-3.6562188,-5.24315,8.771,0.6537018,0.024749756,0.7043457
8.78,-5.8703184,-1.9006629,-6.7903366,8.78,0.28619385,-0.800827,0.7320404
8.791,-4.1508894,0.5922154,-3.5694635,8.79,-0.034454346,-0.8753967,0.39009094
8.8,-2.9802618,3.519943,0.7715804,8.8,-0.022735596,-0.28523254,-0.012573242
8.809,-3.0204067,3.5322838,3.9223318,8.81,0.31814575,0.86099243,-0.3683777
8.82,-7.07411,-0.3493995,2.2622304,8.819,0.57380676,1.3914795,-0.516449
8.83,-10.3095665,-3.0702496,0.8190225,8.829,0.482193,1.4660492,-0.38328552
8.841,-5.216096,-3.2442038,-6.3803296,8.842,0.30963135,1.1443481,-0.27249146
8.85,0.5785389,-1.8998219,-15.552719,8.85,-0.038711548,0.51904297,-0.5132446
8.859,5.5556583,0.7805327,-11.129866,8.859,-0.39770508,-0.45887756,-0.818985
8.869,7.2807627,2.6564004,-1.1942677,8.868,0.10935974,-2.1494446,-1.0458832
8.879,9.727905,-2.4125671,5.5087495,8.879,1.532547,-2.3113708,-1.1396179
8.889,14.131048,-12.306564,5.2532535,8.889,2.0523987,0.081207275,-0.885025
8.899,12.107997,-7.5157332,0.19437265,8.898,0.43959045,0.5073242,0.027908325
8.909,11.807197,1.8926151,-0.75710475,8.908,-0.60969543,0.26976013,0.73950195
8.918,9.986287,6.5727324,-0.6665327,8.918,-0.09411621,0.5797577,0.46253967
8.928,7.463913,8.745215,-3.6218698,8.928,0.33839417,0.11317444,0.1429596
8.938,5.0588627,10.236283,-3.1205196,8.938,-0.078125,-0.8200073,0.06625366
8.95,3.9768267,8.930426,1.3564794,8.951,-0.7055664,-1.4559631,0.2217865
8.958,5.281704,4.0354257,3.0647244,8.957,-0.96229553,-1.4559631,0.3709259
8.968,6.761348,-1.1801257,0.94104385,8.967,-1.0975952,-1.2173462,0.47531128
8.978,8.291748,-4.0738883,0.30906197,8.977,-1.2754822,-1.0213318,0.60847473
8.988,8.118203,-5.3997316,1.7308272,8.987,-1.2200928,-0.88497925,0.6170044
8.997,7.263014,-5.966735,3.4054406,8.997,-0.91116333,-0.80615234,0.49235535
9.007,6.3460817,-5.5462093,4.8576922,9.008,-0.61395264,-0.83491516,0.3421631
9.018,5.625532,-5.5590796,6.0048933,9.017,-0.40942383,-0.8402405,0.28250122
9.027,4.5487547,-5.6422887,6.5704045,9.027,-0.1995697,-0.70921326,0.24629211
9.037,2.6365786,-5.1672573,6.281904,9.036,0.106155396,-0.33103943,0.14828491
9.047,-0.054719925,-3.7819388,4.970588,9.047,0.43745422,0.13661194,0.00340271
9.067,-3.06909,-1.9412822,2.9963152,9.064,0.6824646,0.5946655,-0.12548828
9.067,-5.4265547,-0.614979,1.5889403,9.068,0.79644775,0.89720154,-0.2245636
9.077,-7.2295046,0.06299129,0.17086707,9.076,0.8124237,0.9568634,-0.3587799
9.086,-8.835115,0.46385598,-1.2318739,9.087,0.7538452,0.87164307,-0.5345459
9.096,-10.387337,0.9625592,-2.3149552,9.096,0.6590271,0.67456055,-0.6879425
9.107,-11.931606,1.4220558,-3.5892482,9.106,0.56741333,0.5105133,-0.7795563
9.116,-12.986317,1.7930398,-4.8608027,9.116,0.40229797,0.5200958,-0.79447937
9.127,-13.540786,1.8346957,-4.6688557,9.126,0.070999146,0.53608704,-0.6986084
9.136,-11.705001,0.63783306,-3.0734012,9.136,-0.33805847,0.26550293,-0.4195099
9.146,-9.400131,-0.66721994,-2.0625253,9.145,-0.6224823,-0.1638031,-0.096725464
9.156,-7.8176794,-1.1993028,-0.528507,9.155,-0.62461853,-0.11906433,0.18556213
9.166,-6.3409796,-1.500849,2.0190997,9.165,-0.39237976,0.23034668,0.35813904
9.179,-7.329255,-1.4388921,1.9718788,9.178,-0.07067871,0.45724487,0.34109497
9.186,-8.7202635,-1.0077997,-0.123897284,9.185,0.13279724,0.56378174,0.29315186
9.195,-9.238867,0.59376925,-3.4483507,9.194,0.27340698,0.38694763,0.37304688
9.205,-6.317567,-1.0574448,-8.854655,9.204,0.6600952,-0.14143372,0.90249634
9.215,0.39126968,-4.454596,-16.238384,9.214,0.9945984,-0.95954895,1.696106
9.225,6.38579,-4.2133517,-20.60242,9.224,0.35543823,-1.6796722,2.2202148
9.235,10.658949,1.635489,-9.28364,9.234,-0.8792114,-0.6005554,2.0966492
9.245,16.74115,8.5793,19.269587,9.244,-1.1583099,1.5118561,1.2689362
9.254,15.471838,7.944536,20.889288,9.254,-0.21022034,1.1741791,0.14508057
9.264,10.074018,1.2536454,0.6768272,9.264,0.5258789,0.5435333,-0.3822174
9.274,7.4909782,-2.6221352,-4.9475327,9.274,0.41828918,0.77363586,-0.43655396
9.29,5.3497934,-4.270417,-1.9320786,9.291,0.27659607,0.43380737,-0.3545227
9.294,3.1730337,-4.100064,0.6241604,9.293,0.40124512,-0.3917694,-0.19792175
9.304,2.7307253,-3.7860742,1.9904585,9.303,0.44171143,-1.0319824,-0.048797607
9.314,4.9388876,-2.2657242,3.7639859,9.313,0.34690857,-1.0266571,0.09715271
9.324,7.5306835,0.44941837,6.6022835,9.323,0.44384766,-0.3960266,0.105667114
9.333,7.1016884,1.7834184,3.0375407,9.334,0.79537964,-0.15847778,-0.02748108
9.343,5.6933613,3.025556,-0.7823149,9.343,0.86250305,-0.4194641,-0.122299194
9.353,5.1789083,4.559646,-1.226243,9.353,0.6217499,-0.75502014,-0.14146423
9.363,5.305334,5.2331357,0.4273337,9.363,0.29045105,-0.96380615,-0.108444214
9.373,6.373787,4.6775055,2.5324457,9.373,-0.026992798,-0.863678,-0.02748108
9.383,6.3879023,4.266139,4.5197377,9.382,-0.2933197,-0.45780945,-0.01789856
9.402,5.475889,4.225491,5.5909643,9.403,-0.4179535,0.12168884,-0.19580078
9.403,2.6488333,4.232815,3.7579472,9.402,-0.4083557,-0.040222168,-0.0796814
9.413,-0.701849,3.9546497,2.043233,9.412,-0.47547913,0.30812073,-0.29167175
9.423,-3.966483,2.4466877,0.37390104,9.422,-0.5425873,0.5137024,-0.33322144
9.432,-6.8080063,0.7211015,-0.52859116,9.432,-0.6267395,0.61491394,-0.3076477
9.441,-9.020624,-0.8819227,-0.8422569,9.442,-0.64271545,0.552063,-0.19366455
9.452,-10.725294,-2.2301562,-1.2241265,9.452,-0.51808167,0.4860077,-0.030685425
9.462,-11.563829,-3.2107282,-1.7251058,9.461,-0.27520752,0.48493958,0.12591553
9.471,-11.779919,-3.9527042,-2.3017628,9.472,0.0017700195,0.48921204,0.19941711
9.481,-11.781669,-3.5226636,-3.2275488,9.482,0.23078918,0.4625702,0.1706543
9.491,-10.297321,-0.9797435,-4.1464877,9.492,0.29258728,0.22608948,0.17811584
9.508,-6.8620863,1.452596,-4.979597,9.509,0.115753174,-0.28736877,0.21646118
9.511,-5.500616,2.9263186,-4.1773934,9.51,-0.069610596,-0.40667725,0.14402771
9.521,-4.919386,3.1066804,-0.24472854,9.521,-0.020599365,0.13661194,-0.010437012
